-- MySQL dump 10.13  Distrib 5.7.17, for macos10.12 (x86_64)
--
-- Host: 127.0.0.1    Database: h2softapp
-- ------------------------------------------------------
-- Server version	5.7.20

/*!40101 SET @OLD_CHARACTER_SET_CLIENT=@@CHARACTER_SET_CLIENT */;
/*!40101 SET @OLD_CHARACTER_SET_RESULTS=@@CHARACTER_SET_RESULTS */;
/*!40101 SET @OLD_COLLATION_CONNECTION=@@COLLATION_CONNECTION */;
/*!40101 SET NAMES utf8 */;
/*!40103 SET @OLD_TIME_ZONE=@@TIME_ZONE */;
/*!40103 SET TIME_ZONE='+00:00' */;
/*!40014 SET @OLD_UNIQUE_CHECKS=@@UNIQUE_CHECKS, UNIQUE_CHECKS=0 */;
/*!40014 SET @OLD_FOREIGN_KEY_CHECKS=@@FOREIGN_KEY_CHECKS, FOREIGN_KEY_CHECKS=0 */;
/*!40101 SET @OLD_SQL_MODE=@@SQL_MODE, SQL_MODE='NO_AUTO_VALUE_ON_ZERO' */;
/*!40111 SET @OLD_SQL_NOTES=@@SQL_NOTES, SQL_NOTES=0 */;

--
-- Dumping data for table `alertas`
--

LOCK TABLES `alertas` WRITE;
/*!40000 ALTER TABLE `alertas` DISABLE KEYS */;
INSERT INTO `alertas` (`idAlertas`, `idObjetivo`, `idTipo`, `idEstado`, `notificacion`, `idDispenser`, `createdAt`, `updatedAt`) VALUES (1,7,1,2,'Retirar dispenser 005 en Capitalinas para mantenimiento',6,'2018-07-04 18:14:50','2018-07-04 18:36:44'),(2,15,2,2,'Llevar 20 Bidones de agua 20 L a Opera',NULL,'2018-07-04 18:16:21','2018-07-04 18:36:46'),(3,2,1,1,'Retirar dispenser 002 en Sol de Mayo para mantenimiento',3,'2018-07-04 18:37:07','2018-07-04 18:37:07');
/*!40000 ALTER TABLE `alertas` ENABLE KEYS */;
UNLOCK TABLES;

--
-- Dumping data for table `caja-total`
--

LOCK TABLES `caja-total` WRITE;
/*!40000 ALTER TABLE `caja-total` DISABLE KEYS */;
/*!40000 ALTER TABLE `caja-total` ENABLE KEYS */;
UNLOCK TABLES;

--
-- Dumping data for table `camiones`
--

LOCK TABLES `camiones` WRITE;
/*!40000 ALTER TABLE `camiones` DISABLE KEYS */;
INSERT INTO `camiones` (`idCamiones`, `nombre`, `capacidadMaxima`, `libre`, `createdAt`, `updatedAt`) VALUES (1,'AB 034 RF',1200,0,'1970-01-01 00:00:00','2018-07-05 04:43:38'),(2,'AA 887 DC',1600,1,'1970-01-01 00:00:00','2018-07-04 18:10:25');
/*!40000 ALTER TABLE `camiones` ENABLE KEYS */;
UNLOCK TABLES;

--
-- Dumping data for table `clientes`
--

LOCK TABLES `clientes` WRITE;
/*!40000 ALTER TABLE `clientes` DISABLE KEYS */;
INSERT INTO `clientes` (`idClientes`, `razonSocial`, `direccion`, `CUIL`, `idTipo`, `activo`, `createdAt`, `updatedAt`) VALUES (1,'Prosegur','Av. Pablo Ricchieri 2243, Córdoba, Argentina','29-8765342-9',1,1,'2018-06-30 15:16:23','2018-06-30 15:16:23'),(2,'CAT','Avenida La Voz del Interior, Córdoba, Argentina','23-3725667-2',1,1,'2018-06-30 15:20:50','2018-06-30 15:20:50'),(3,'OCASA','Av. Pablo Ricchieri 2155, Córdoba, Argentina','35-2548337-9',1,1,'2018-06-30 15:26:01','2018-06-30 15:26:01'),(4,'Correo Argentino','Av. Sagrada Familia 2344, Córdoba, Argentina','83-94833827-8',1,1,'2018-06-30 15:36:47','2018-06-30 15:36:47'),(5,'Edisur','Av. Colón 3324, X5003DDR Córdoba, Argentina','23-47625333-5',1,1,'2018-06-30 15:39:26','2018-06-30 15:39:26'),(6,'Arcor','Av. Castro Barros 2443, Córdoba, Argentina','23-372555-1',1,1,'2018-06-30 15:44:12','2018-06-30 15:44:12'),(7,'Carrefour','Av. Colón 9746, X5003DFP Córdoba, Argentina','32-8366524-8',1,1,'2018-06-30 15:47:14','2018-07-01 14:57:56'),(8,'Rapicor','San Jerónimo 3392, S3000FQT Santa Fe, Argentina','34-2876453-9',1,1,'2018-06-30 15:51:43','2018-07-01 14:57:28');
/*!40000 ALTER TABLE `clientes` ENABLE KEYS */;
UNLOCK TABLES;

--
-- Dumping data for table `contactos-x-cliente`
--

LOCK TABLES `contactos-x-cliente` WRITE;
/*!40000 ALTER TABLE `contactos-x-cliente` DISABLE KEYS */;
INSERT INTO `contactos-x-cliente` (`idContactosXCliente`, `idCliente`, `nombre`, `telefono`, `celular`, `mail`, `observaciones`, `createdAt`, `updatedAt`) VALUES (1,1,'Carolina Monaco',NULL,'0351-156534442','carolina@gmail.com','','2018-06-30 15:16:23','2018-06-30 15:16:23'),(2,2,'Carmen Estebanes',NULL,'0351-152337465','carmen@gmail.com','','2018-06-30 15:20:50','2018-06-30 15:20:50'),(3,3,'Carlos Tevez',NULL,NULL,'carlitos@gmail.com','','2018-06-30 15:26:01','2018-06-30 15:26:01'),(4,4,'Victoria Contrini',NULL,'0351-157223548','victoria@gmail.com','','2018-06-30 15:36:47','2018-06-30 15:36:47'),(5,5,'Edgardo Robles',NULL,NULL,'edgar@gmail.com','','2018-06-30 15:39:26','2018-06-30 15:39:26'),(6,6,'Cristian Castro','0351-4806244',NULL,'cristian@gmail.com','','2018-06-30 15:44:12','2018-06-30 15:44:12'),(7,7,'Fernanda Abadia',NULL,NULL,'fera@gmail.coma','','2018-06-30 15:47:14','2018-07-01 14:57:56'),(8,8,'Carolina Sanchez',NULL,NULL,'carolinas@gmail.com','','2018-06-30 15:51:43','2018-07-01 14:57:28');
/*!40000 ALTER TABLE `contactos-x-cliente` ENABLE KEYS */;
UNLOCK TABLES;

--
-- Dumping data for table `contratos`
--

LOCK TABLES `contratos` WRITE;
/*!40000 ALTER TABLE `contratos` DISABLE KEYS */;
INSERT INTO `contratos` (`idContratos`, `idCliente`, `fechaFirma`, `fechaVigenciaDesde`, `fechaVigenciaHasta`, `createdAt`, `updatedAt`) VALUES (1,1,'2018-05-01 03:00:00','2018-05-01 03:00:00','2018-11-01 03:00:00','2018-06-30 16:55:19','2018-06-30 16:55:19'),(2,2,'2018-05-01 03:00:00','2018-05-01 03:00:00','2018-11-01 03:00:00','2018-06-30 17:13:24','2018-06-30 17:13:24'),(3,3,'2018-04-02 03:00:00','2018-04-02 03:00:00','2018-11-02 03:00:00','2018-06-30 17:17:45','2018-06-30 17:17:45'),(4,4,'2018-05-21 03:00:00','2018-05-21 03:00:00','2018-11-21 03:00:00','2018-06-30 17:38:03','2018-06-30 17:38:03'),(5,5,'2018-06-12 03:00:00','2018-06-12 03:00:00','2018-12-12 03:00:00','2018-06-30 18:42:16','2018-06-30 18:42:16'),(6,6,'2018-06-13 03:00:00','2018-06-13 03:00:00','2018-12-13 03:00:00','2018-06-30 18:43:48','2018-06-30 18:43:48'),(7,7,'2017-12-27 03:00:00','2017-12-27 03:00:00','2018-06-27 03:00:00','2018-06-30 18:45:54','2018-06-30 18:46:31');
/*!40000 ALTER TABLE `contratos` ENABLE KEYS */;
UNLOCK TABLES;

--
-- Dumping data for table `detalle-factura`
--

LOCK TABLES `detalle-factura` WRITE;
/*!40000 ALTER TABLE `detalle-factura` DISABLE KEYS */;
/*!40000 ALTER TABLE `detalle-factura` ENABLE KEYS */;
UNLOCK TABLES;

--
-- Dumping data for table `detalle-gasto`
--

LOCK TABLES `detalle-gasto` WRITE;
/*!40000 ALTER TABLE `detalle-gasto` DISABLE KEYS */;
/*!40000 ALTER TABLE `detalle-gasto` ENABLE KEYS */;
UNLOCK TABLES;

--
-- Dumping data for table `detalle-recorrido`
--

LOCK TABLES `detalle-recorrido` WRITE;
/*!40000 ALTER TABLE `detalle-recorrido` DISABLE KEYS */;
INSERT INTO `detalle-recorrido` (`idDetalleRecorrido`, `idRecorrido`, `idObjetivo`, `orden`, `cantidadDispensersSugerida`, `createdAt`, `updatedAt`) VALUES (7,5,1,3,NULL,'2018-07-01 15:33:38','2018-07-01 15:38:19'),(8,5,2,2,NULL,'2018-07-01 15:36:06','2018-07-01 15:38:19'),(9,5,3,1,NULL,'2018-07-01 15:36:10','2018-07-01 15:38:19'),(19,9,7,1,NULL,'2018-07-04 18:28:30','2018-07-04 18:28:39'),(20,9,8,3,NULL,'2018-07-04 18:28:33','2018-07-04 18:28:39'),(21,9,9,2,NULL,'2018-07-04 18:28:38','2018-07-04 18:28:39'),(36,13,2,0,NULL,'2018-07-05 04:08:10','2018-07-05 04:08:35'),(37,13,15,0,NULL,'2018-07-05 04:08:34','2018-07-05 04:08:35'),(38,14,5,0,NULL,'2018-07-05 04:09:56','2018-07-05 04:10:11'),(39,14,4,0,NULL,'2018-07-05 04:10:06','2018-07-05 04:10:11'),(40,14,6,0,NULL,'2018-07-05 04:10:10','2018-07-05 04:10:11'),(41,15,14,0,NULL,'2018-07-05 04:13:53','2018-07-05 04:14:04'),(42,15,15,0,NULL,'2018-07-05 04:14:02','2018-07-05 04:14:04'),(43,16,13,2,NULL,'2018-07-05 04:42:13','2018-07-05 04:42:38'),(44,16,11,3,NULL,'2018-07-05 04:42:20','2018-07-05 04:42:38'),(45,16,12,1,NULL,'2018-07-05 04:42:37','2018-07-05 04:42:38');
/*!40000 ALTER TABLE `detalle-recorrido` ENABLE KEYS */;
UNLOCK TABLES;

--
-- Dumping data for table `detalle-recorrido-historico`
--

LOCK TABLES `detalle-recorrido-historico` WRITE;
/*!40000 ALTER TABLE `detalle-recorrido-historico` DISABLE KEYS */;
INSERT INTO `detalle-recorrido-historico` (`idDetalleRecorridoHistorico`, `idRecorridoHistorico`, `idObjetivo`, `orden`, `idRemito`, `entregado`, `idProducto`, `cantidadSugerida`, `observaciones`, `createdAt`, `updatedAt`) VALUES (4,3,1,3,4,1,NULL,NULL,NULL,'2018-07-01 15:37:41','2018-07-04 18:08:35'),(5,3,2,2,5,1,NULL,NULL,NULL,'2018-07-01 15:37:41','2018-07-04 18:09:01'),(6,3,3,1,3,1,NULL,NULL,NULL,'2018-07-01 15:37:41','2018-07-04 18:08:06'),(7,4,1,3,NULL,0,NULL,NULL,NULL,'2018-07-04 21:01:08','2018-07-04 21:01:08'),(8,4,2,2,NULL,0,NULL,NULL,NULL,'2018-07-04 21:01:08','2018-07-04 21:01:08'),(9,4,3,1,NULL,0,NULL,NULL,NULL,'2018-07-04 21:01:08','2018-07-04 21:01:08'),(10,5,1,3,NULL,0,NULL,NULL,NULL,'2018-07-04 21:01:08','2018-07-04 21:01:08'),(11,5,2,2,NULL,0,NULL,NULL,NULL,'2018-07-04 21:01:08','2018-07-04 21:01:08'),(12,5,3,1,NULL,0,NULL,NULL,NULL,'2018-07-04 21:01:08','2018-07-04 21:01:08'),(13,6,1,3,NULL,0,NULL,NULL,NULL,'2018-07-04 21:01:08','2018-07-04 21:01:08'),(14,6,2,2,NULL,0,NULL,NULL,NULL,'2018-07-04 21:01:08','2018-07-04 21:01:08'),(15,6,3,1,NULL,0,NULL,NULL,NULL,'2018-07-04 21:01:08','2018-07-04 21:01:08'),(16,7,1,3,NULL,0,NULL,NULL,NULL,'2018-07-04 21:01:08','2018-07-04 21:01:08'),(17,7,2,2,NULL,0,NULL,NULL,NULL,'2018-07-04 21:01:08','2018-07-04 21:01:08'),(18,7,3,1,NULL,0,NULL,NULL,NULL,'2018-07-04 21:01:08','2018-07-04 21:01:08'),(44,19,2,1,NULL,0,NULL,NULL,NULL,'2018-07-05 04:09:02','2018-07-05 04:09:02'),(45,19,15,2,NULL,0,NULL,NULL,NULL,'2018-07-05 04:09:02','2018-07-05 04:09:02'),(46,20,5,0,NULL,0,NULL,NULL,NULL,'2018-07-05 04:10:37','2018-07-05 04:10:37'),(47,20,4,0,NULL,0,NULL,NULL,NULL,'2018-07-05 04:10:37','2018-07-05 04:10:37'),(48,20,6,0,NULL,0,NULL,NULL,NULL,'2018-07-05 04:10:37','2018-07-05 04:10:37'),(49,21,5,0,NULL,0,NULL,NULL,NULL,'2018-07-05 04:10:37','2018-07-05 04:10:37'),(50,21,4,0,NULL,0,NULL,NULL,NULL,'2018-07-05 04:10:37','2018-07-05 04:10:37'),(51,21,6,0,NULL,0,NULL,NULL,NULL,'2018-07-05 04:10:37','2018-07-05 04:10:37'),(52,22,5,0,NULL,0,NULL,NULL,NULL,'2018-07-05 04:10:37','2018-07-05 04:10:37'),(53,22,4,0,NULL,0,NULL,NULL,NULL,'2018-07-05 04:10:37','2018-07-05 04:10:37'),(54,22,6,0,NULL,0,NULL,NULL,NULL,'2018-07-05 04:10:37','2018-07-05 04:10:37'),(55,23,5,0,NULL,0,NULL,NULL,NULL,'2018-07-05 04:10:37','2018-07-05 04:10:37'),(56,23,4,0,NULL,0,NULL,NULL,NULL,'2018-07-05 04:10:37','2018-07-05 04:10:37'),(57,23,6,0,NULL,0,NULL,NULL,NULL,'2018-07-05 04:10:37','2018-07-05 04:10:37'),(58,24,14,0,NULL,0,NULL,NULL,NULL,'2018-07-05 04:14:50','2018-07-05 04:14:50'),(59,24,15,0,NULL,0,NULL,NULL,NULL,'2018-07-05 04:14:50','2018-07-05 04:14:50'),(60,25,14,0,NULL,0,NULL,NULL,NULL,'2018-07-05 04:14:50','2018-07-05 04:14:50'),(61,25,15,0,NULL,0,NULL,NULL,NULL,'2018-07-05 04:14:50','2018-07-05 04:14:50'),(62,26,14,0,NULL,0,NULL,NULL,NULL,'2018-07-05 04:14:50','2018-07-05 04:14:50'),(63,26,15,0,NULL,0,NULL,NULL,NULL,'2018-07-05 04:14:50','2018-07-05 04:14:50'),(64,27,14,0,NULL,0,NULL,NULL,NULL,'2018-07-05 04:14:50','2018-07-05 04:14:50'),(65,27,15,0,NULL,0,NULL,NULL,NULL,'2018-07-05 04:14:50','2018-07-05 04:14:50'),(66,28,13,2,33,1,NULL,NULL,NULL,'2018-07-05 04:43:07','2018-07-05 04:45:00'),(67,28,11,3,NULL,0,NULL,NULL,NULL,'2018-07-05 04:43:07','2018-07-05 04:43:07'),(68,28,12,1,32,1,NULL,NULL,NULL,'2018-07-05 04:43:07','2018-07-05 04:44:41'),(69,29,13,2,NULL,0,NULL,NULL,NULL,'2018-07-05 04:43:07','2018-07-05 04:43:07'),(70,29,11,3,NULL,0,NULL,NULL,NULL,'2018-07-05 04:43:07','2018-07-05 04:43:07'),(71,29,12,1,NULL,0,NULL,NULL,NULL,'2018-07-05 04:43:07','2018-07-05 04:43:07');
/*!40000 ALTER TABLE `detalle-recorrido-historico` ENABLE KEYS */;
UNLOCK TABLES;

--
-- Dumping data for table `detalle-remito-dispensers`
--

LOCK TABLES `detalle-remito-dispensers` WRITE;
/*!40000 ALTER TABLE `detalle-remito-dispensers` DISABLE KEYS */;
/*!40000 ALTER TABLE `detalle-remito-dispensers` ENABLE KEYS */;
UNLOCK TABLES;

--
-- Dumping data for table `detalle-remito-productos`
--

LOCK TABLES `detalle-remito-productos` WRITE;
/*!40000 ALTER TABLE `detalle-remito-productos` DISABLE KEYS */;
INSERT INTO `detalle-remito-productos` (`idDetalleRemitoProductos`, `idRemito`, `idProducto`, `cantidad`, `dejadoEnCliente`, `createdAt`, `updatedAt`) VALUES (3,1,1,22,1,'1970-01-01 00:00:00','1970-01-01 00:00:00'),(4,2,1,22,1,'1970-01-01 00:00:00','1970-01-01 00:00:00'),(5,3,1,3,0,'2018-07-04 18:08:06','2018-07-04 18:08:06'),(6,3,1,3,1,'2018-07-04 18:08:06','2018-07-04 18:08:06'),(7,3,2,18,0,'2018-07-04 18:08:06','2018-07-04 18:08:06'),(8,3,2,16,1,'2018-07-04 18:08:06','2018-07-04 18:08:06'),(9,4,1,15,0,'2018-07-04 18:08:35','2018-07-04 18:08:35'),(10,4,1,15,1,'2018-07-04 18:08:35','2018-07-04 18:08:35'),(11,4,2,30,0,'2018-07-04 18:08:35','2018-07-04 18:08:35'),(12,4,2,30,1,'2018-07-04 18:08:35','2018-07-04 18:08:35'),(13,5,1,10,0,'2018-07-04 18:09:01','2018-07-04 18:09:01'),(14,5,1,10,1,'2018-07-04 18:09:01','2018-07-04 18:09:01'),(15,5,2,10,0,'2018-07-04 18:09:01','2018-07-04 18:09:01'),(16,5,2,10,1,'2018-07-04 18:09:01','2018-07-04 18:09:01'),(17,6,1,225,1,'1970-01-01 00:00:00','1970-01-01 00:00:00'),(18,7,1,220,1,'1970-01-01 00:00:00','1970-01-01 00:00:00'),(19,8,1,200,1,'1970-01-01 00:00:00','1970-01-01 00:00:00'),(20,9,1,180,1,'1970-01-01 00:00:00','1970-01-01 00:00:00'),(21,10,1,160,1,'1970-01-01 00:00:00','1970-01-01 00:00:00'),(22,11,1,140,1,'1970-01-01 00:00:00','1970-01-01 00:00:00'),(23,12,1,3,1,'1970-01-01 00:00:00','1970-01-01 00:00:00'),(24,13,1,3,1,'1970-01-01 00:00:00','1970-01-01 00:00:00'),(25,14,1,3,1,'1970-01-01 00:00:00','1970-01-01 00:00:00'),(26,15,1,130,1,'1970-01-01 00:00:00','1970-01-01 00:00:00'),(27,16,1,160,1,'1970-01-01 00:00:00','1970-01-01 00:00:00'),(28,17,1,180,1,'1970-01-01 00:00:00','1970-01-01 00:00:00'),(29,18,1,195,1,'1970-01-01 00:00:00','1970-01-01 00:00:00'),(30,19,1,215,1,'1970-01-01 00:00:00','1970-01-01 00:00:00'),(31,20,2,120,1,'1970-01-01 00:00:00','1970-01-01 00:00:00'),(32,21,2,110,1,'1970-01-01 00:00:00','1970-01-01 00:00:00'),(33,22,2,100,1,'1970-01-01 00:00:00','1970-01-01 00:00:00'),(34,23,2,70,1,'1970-01-01 00:00:00','1970-01-01 00:00:00'),(35,24,2,60,1,'1970-01-01 00:00:00','1970-01-01 00:00:00'),(36,25,2,50,1,'1970-01-01 00:00:00','1970-01-01 00:00:00'),(37,26,2,2,1,'1970-01-01 00:00:00','1970-01-01 00:00:00'),(38,27,2,40,1,'1970-01-01 00:00:00','1970-01-01 00:00:00'),(39,28,2,60,1,'1970-01-01 00:00:00','1970-01-01 00:00:00'),(40,29,2,80,1,'1970-01-01 00:00:00','1970-01-01 00:00:00'),(41,30,2,90,1,'1970-01-01 00:00:00','1970-01-01 00:00:00'),(42,31,2,110,1,'1970-01-01 00:00:00','1970-01-01 00:00:00'),(43,32,1,10,0,'2018-07-05 04:44:41','2018-07-05 04:44:41'),(44,32,1,10,1,'2018-07-05 04:44:41','2018-07-05 04:44:41'),(45,32,2,20,0,'2018-07-05 04:44:41','2018-07-05 04:44:41'),(46,32,2,20,1,'2018-07-05 04:44:41','2018-07-05 04:44:41'),(47,33,1,15,0,'2018-07-05 04:45:01','2018-07-05 04:45:01'),(48,33,1,15,1,'2018-07-05 04:45:01','2018-07-05 04:45:01');
/*!40000 ALTER TABLE `detalle-remito-productos` ENABLE KEYS */;
UNLOCK TABLES;

--
-- Dumping data for table `detalles-contrato`
--

LOCK TABLES `detalles-contrato` WRITE;
/*!40000 ALTER TABLE `detalles-contrato` DISABLE KEYS */;
INSERT INTO `detalles-contrato` (`idDetallesContrato`, `idContrato`, `cantidadMaxima`, `cantidadMinima`, `precioPorUnidad`, `idProducto`, `createdAt`, `updatedAt`) VALUES (1,1,10,0,70,2,'2018-06-30 16:55:19','2018-06-30 16:55:19'),(2,1,80,11,60,2,'2018-06-30 16:55:19','2018-06-30 16:55:19'),(3,1,5,0,90,1,'2018-06-30 16:55:19','2018-06-30 16:55:19'),(4,1,80,31,70,1,'2018-06-30 16:55:19','2018-06-30 16:55:19'),(5,1,30,6,80,1,'2018-06-30 16:55:19','2018-06-30 16:55:19'),(6,2,10,0,60,1,'2018-06-30 17:13:24','2018-06-30 17:13:24'),(7,2,50,11,55,1,'2018-06-30 17:13:24','2018-06-30 17:13:24'),(8,2,15,0,80,2,'2018-06-30 17:13:24','2018-06-30 17:13:24'),(9,2,60,16,70,2,'2018-06-30 17:13:24','2018-06-30 17:13:24'),(10,3,20,0,70,2,'2018-06-30 17:17:45','2018-06-30 17:17:45'),(11,3,20,0,80,1,'2018-06-30 17:17:45','2018-06-30 17:17:45'),(12,3,70,21,60,2,'2018-06-30 17:17:45','2018-06-30 17:17:45'),(13,3,60,21,60,1,'2018-06-30 17:17:45','2018-06-30 17:17:45'),(14,4,20,0,70,2,'2018-06-30 17:38:03','2018-06-30 17:38:03'),(15,4,50,21,60,2,'2018-06-30 17:38:03','2018-06-30 17:38:03'),(16,4,25,0,80,1,'2018-06-30 17:38:03','2018-06-30 17:38:03'),(17,4,60,26,60,1,'2018-06-30 17:38:03','2018-06-30 17:38:03'),(18,5,15,0,70,2,'2018-06-30 18:42:16','2018-06-30 18:42:16'),(19,5,15,0,60,1,'2018-06-30 18:42:16','2018-06-30 18:42:16'),(20,5,60,16,60,2,'2018-06-30 18:42:16','2018-06-30 18:42:16'),(21,5,60,16,50,1,'2018-06-30 18:42:16','2018-06-30 18:42:16'),(22,6,20,0,80,2,'2018-06-30 18:43:48','2018-06-30 18:43:48'),(23,6,70,21,60,1,'2018-06-30 18:43:48','2018-06-30 18:43:48'),(24,6,50,21,50,2,'2018-06-30 18:43:48','2018-06-30 18:43:48'),(25,6,20,0,80,1,'2018-06-30 18:43:48','2018-06-30 18:43:48'),(30,7,15,0,70,2,'2018-06-30 18:46:31','2018-06-30 18:46:31'),(31,7,50,16,50,2,'2018-06-30 18:46:31','2018-06-30 18:46:31'),(32,7,20,0,70,1,'2018-06-30 18:46:31','2018-06-30 18:46:31'),(33,7,50,21,65,1,'2018-06-30 18:46:31','2018-06-30 18:46:31');
/*!40000 ALTER TABLE `detalles-contrato` ENABLE KEYS */;
UNLOCK TABLES;

--
-- Dumping data for table `dias`
--

LOCK TABLES `dias` WRITE;
/*!40000 ALTER TABLE `dias` DISABLE KEYS */;
INSERT INTO `dias` (`idDias`, `nombre`, `createdAt`, `updatedAt`) VALUES (1,'Lunes','1970-01-01 00:00:00','1970-01-01 00:00:00'),(2,'Martes','1970-01-01 00:00:00','1970-01-01 00:00:00'),(3,'Miércoles','1970-01-01 00:00:00','1970-01-01 00:00:00'),(4,'Jueves','1970-01-01 00:00:00','1970-01-01 00:00:00'),(5,'Viernes','1970-01-01 00:00:00','1970-01-01 00:00:00');
/*!40000 ALTER TABLE `dias` ENABLE KEYS */;
UNLOCK TABLES;

--
-- Dumping data for table `dispenser-x-detalle-recorrido`
--

LOCK TABLES `dispenser-x-detalle-recorrido` WRITE;
/*!40000 ALTER TABLE `dispenser-x-detalle-recorrido` DISABLE KEYS */;
/*!40000 ALTER TABLE `dispenser-x-detalle-recorrido` ENABLE KEYS */;
UNLOCK TABLES;

--
-- Dumping data for table `dispensers`
--

LOCK TABLES `dispensers` WRITE;
/*!40000 ALTER TABLE `dispensers` DISABLE KEYS */;
INSERT INTO `dispensers` (`idDispensers`, `codigo`, `descripcion`, `idObjetivo`, `idEstadoDispenser`, `fechaProxMantenimiento`, `createdAt`, `updatedAt`) VALUES (1,'R001',NULL,NULL,1,'2019-01-23 03:00:00','2018-07-04 17:41:34','2018-07-04 17:41:34'),(2,'001',NULL,1,2,'2018-11-08 03:00:00','2018-07-04 17:42:16','2018-07-04 17:42:16'),(3,'002',NULL,2,3,'2018-06-21 03:00:00','2018-07-04 17:42:40','2018-07-04 17:42:40'),(4,'003',NULL,2,2,'2018-11-02 03:00:00','2018-07-04 17:43:33','2018-07-04 17:43:33'),(5,'004',NULL,NULL,5,NULL,'2018-07-04 17:43:51','2018-07-04 17:43:51'),(6,'005',NULL,7,2,'2018-12-04 03:00:00','2018-07-04 18:14:32','2018-07-04 18:14:32'),(7,'006',NULL,3,2,'2019-01-02 03:00:00','2018-07-04 18:16:57','2018-07-04 18:16:57'),(8,'007',NULL,2,2,'2018-12-26 03:00:00','2018-07-04 20:33:19','2018-07-04 20:33:19'),(9,'R002',NULL,NULL,1,'2018-12-05 03:00:00','2018-07-04 20:33:28','2018-07-04 20:33:28'),(10,'R003',NULL,NULL,1,'2018-11-22 03:00:00','2018-07-04 20:34:02','2018-07-04 20:34:02'),(11,'008',NULL,5,2,'2018-11-21 03:00:00','2018-07-04 20:35:37','2018-07-04 20:35:37'),(12,'009',NULL,4,2,'2018-12-04 03:00:00','2018-07-04 20:36:02','2018-07-04 20:36:02');
/*!40000 ALTER TABLE `dispensers` ENABLE KEYS */;
UNLOCK TABLES;

--
-- Dumping data for table `empleados`
--

LOCK TABLES `empleados` WRITE;
/*!40000 ALTER TABLE `empleados` DISABLE KEYS */;
INSERT INTO `empleados` (`idEmpleados`, `nombre`, `apellido`, `dni`, `fechaNacimiento`, `direccion`, `localidad`, `telefono`, `createdAt`, `updatedAt`) VALUES (1,'Aqua ','Man','34805349','1990-01-24 02:00:00','calle 123','cba',1234,'1970-01-01 00:00:00','2018-07-04 23:36:10'),(2,'José','Meolans','12345678','1989-12-31 02:00:00','calle 123','cba',1234,'1970-01-01 00:00:00','2018-07-04 23:36:31'),(3,'El','Gerente','12345678','1989-12-31 02:00:00','calle 123','cba',1234,'1970-01-01 00:00:00','2018-07-04 20:20:45'),(4,'Michael','Phelps','12345678','1989-12-31 02:00:00','calle 123','cba',1234,'1970-01-01 00:00:00','2018-07-04 23:37:43'),(5,'Jacques','Cousteau','12345678','1989-12-31 02:00:00','calle 123','cba',1234,'1970-01-01 00:00:00','2018-07-04 23:39:06'),(6,'Juan','Repartidor','1234556','1989-12-31 02:00:00','calle 123','cba',1234,'1970-01-01 00:00:00','2018-07-04 23:36:38'),(7,'Roger','Waters','1234556','1969-12-31 03:00:00','calle 123','cba',1234,'1970-01-01 00:00:00','2018-07-04 23:40:37');
/*!40000 ALTER TABLE `empleados` ENABLE KEYS */;
UNLOCK TABLES;

--
-- Dumping data for table `estados-alerta`
--

LOCK TABLES `estados-alerta` WRITE;
/*!40000 ALTER TABLE `estados-alerta` DISABLE KEYS */;
INSERT INTO `estados-alerta` (`idEstadoAlerta`, `nombre`, `createdAt`, `updatedAt`) VALUES (1,'Pendiente','2018-04-22 00:00:00','2018-04-22 00:00:00'),(2,'Realizada','2018-04-22 00:00:00','2018-04-22 00:00:00');
/*!40000 ALTER TABLE `estados-alerta` ENABLE KEYS */;
UNLOCK TABLES;

--
-- Dumping data for table `estados-dispenser`
--

LOCK TABLES `estados-dispenser` WRITE;
/*!40000 ALTER TABLE `estados-dispenser` DISABLE KEYS */;
INSERT INTO `estados-dispenser` (`idEstadosDispenser`, `nombre`, `descripcion`, `createdAt`, `updatedAt`) VALUES (1,'En fábrica y limpio','En fábrica y limpio','1970-01-01 00:00:00','1970-01-01 00:00:00'),(2,'En objetivo y limpio','En objetivo y limpio','1970-01-01 00:00:00','1970-01-01 00:00:00'),(3,'En objetivo y sucio','En objetivo y sucio','1970-01-01 00:00:00','1970-01-01 00:00:00'),(4,'En mantenimiento','En mantenimiento','1970-01-01 00:00:00','1970-01-01 00:00:00'),(5,'Descartado','Descartado','1970-01-01 00:00:00','1970-01-01 00:00:00');
/*!40000 ALTER TABLE `estados-dispenser` ENABLE KEYS */;
UNLOCK TABLES;

--
-- Dumping data for table `estados-factura`
--

LOCK TABLES `estados-factura` WRITE;
/*!40000 ALTER TABLE `estados-factura` DISABLE KEYS */;
/*!40000 ALTER TABLE `estados-factura` ENABLE KEYS */;
UNLOCK TABLES;

--
-- Dumping data for table `estados-mantenimiento`
--

LOCK TABLES `estados-mantenimiento` WRITE;
/*!40000 ALTER TABLE `estados-mantenimiento` DISABLE KEYS */;
INSERT INTO `estados-mantenimiento` (`idEstadosMantenimiento`, `nombre`, `descripcion`, `createdAt`, `updatedAt`) VALUES (1,'Pendiente','Pendiente de ser realizado por un empleado de mantenimiento','1970-01-01 00:00:00','1970-01-01 00:00:00'),(2,'Realizado','Mantenimiento ya realizado','1970-01-01 00:00:00','1970-01-01 00:00:00');
/*!40000 ALTER TABLE `estados-mantenimiento` ENABLE KEYS */;
UNLOCK TABLES;

--
-- Dumping data for table `estados-recorrido`
--

LOCK TABLES `estados-recorrido` WRITE;
/*!40000 ALTER TABLE `estados-recorrido` DISABLE KEYS */;
INSERT INTO `estados-recorrido` (`idEstadosRecorrido`, `nombre`, `descripcion`, `createdAt`, `updatedAt`) VALUES (1,'Nuevo','Recién creado','1970-01-01 00:00:00','1970-01-01 00:00:00'),(2,'En Proceso','Se están visitando los objetivos','1970-01-01 00:00:00','1970-01-01 00:00:00'),(3,'Suspendido','Por algún motivo no se puede continuar','1970-01-01 00:00:00','1970-01-01 00:00:00'),(4,'Finalizado','Se visitaron todos los objetivos','1970-01-01 00:00:00','1970-01-01 00:00:00');
/*!40000 ALTER TABLE `estados-recorrido` ENABLE KEYS */;
UNLOCK TABLES;

--
-- Dumping data for table `estados-remito`
--

LOCK TABLES `estados-remito` WRITE;
/*!40000 ALTER TABLE `estados-remito` DISABLE KEYS */;
INSERT INTO `estados-remito` (`idEstadosRemito`, `nombre`, `descripcion`, `createdAt`, `updatedAt`) VALUES (1,'Creadi','Remito creado','2018-01-01 00:00:00','2018-01-01 00:00:00'),(2,'Anulado','','1970-01-01 00:00:00','1970-01-01 00:00:00'),(3,'Facturado','Remito marcado como ya facturado','1970-01-01 00:00:00','1970-01-01 00:00:00');
/*!40000 ALTER TABLE `estados-remito` ENABLE KEYS */;
UNLOCK TABLES;

--
-- Dumping data for table `facturas`
--

LOCK TABLES `facturas` WRITE;
/*!40000 ALTER TABLE `facturas` DISABLE KEYS */;
/*!40000 ALTER TABLE `facturas` ENABLE KEYS */;
UNLOCK TABLES;

--
-- Dumping data for table `frecuencias-recorrido`
--

LOCK TABLES `frecuencias-recorrido` WRITE;
/*!40000 ALTER TABLE `frecuencias-recorrido` DISABLE KEYS */;
INSERT INTO `frecuencias-recorrido` (`idFrecuenciasRecorrido`, `nombre`, `createdAt`, `updatedAt`) VALUES (1,'Semanal','2018-01-01 00:00:00','2018-01-01 00:00:00'),(2,'Quincenal','2018-01-01 00:00:00','2018-01-01 00:00:00'),(3,'Mensual','2018-01-01 00:00:00','2018-01-01 00:00:00');
/*!40000 ALTER TABLE `frecuencias-recorrido` ENABLE KEYS */;
UNLOCK TABLES;

--
-- Dumping data for table `gastos`
--

LOCK TABLES `gastos` WRITE;
/*!40000 ALTER TABLE `gastos` DISABLE KEYS */;
INSERT INTO `gastos` (`idGastos`, `fecha`, `idEmpleado`, `descripcion`, `monto`, `idMedioDePagoCobro`, `imagen`, `createdAt`, `updatedAt`) VALUES (1,'2018-05-30 00:00:00',1,'Nafta',1200,1,NULL,'2018-01-01 00:00:00','2018-01-01 00:00:00'),(2,'2018-05-30 00:00:00',1,'Pago Edisur',3000,1,NULL,'2018-01-01 00:00:00','2018-01-01 00:00:00'),(3,'2018-05-30 00:00:00',2,'Pago Correo Argentino',10000,2,NULL,'2018-01-01 00:00:00','2018-01-01 00:00:00'),(4,'2018-05-30 00:00:00',1,'Pago Arcor',2600,3,NULL,'2018-01-01 00:00:00','2018-01-01 00:00:00'),(5,'2018-06-28 00:00:00',1,'Pago atrasado Arcor',7000,3,NULL,'2018-01-01 00:00:00','2018-01-01 00:00:00');
/*!40000 ALTER TABLE `gastos` ENABLE KEYS */;
UNLOCK TABLES;

--
-- Dumping data for table `historial_x_dispenser`
--

LOCK TABLES `historial_x_dispenser` WRITE;
/*!40000 ALTER TABLE `historial_x_dispenser` DISABLE KEYS */;
/*!40000 ALTER TABLE `historial_x_dispenser` ENABLE KEYS */;
UNLOCK TABLES;

--
-- Dumping data for table `horarios-x-objetivo`
--

LOCK TABLES `horarios-x-objetivo` WRITE;
/*!40000 ALTER TABLE `horarios-x-objetivo` DISABLE KEYS */;
/*!40000 ALTER TABLE `horarios-x-objetivo` ENABLE KEYS */;
UNLOCK TABLES;

--
-- Dumping data for table `localidades`
--

LOCK TABLES `localidades` WRITE;
/*!40000 ALTER TABLE `localidades` DISABLE KEYS */;
INSERT INTO `localidades` (`idLocalidad`, `nombre`, `idProvincia`, `createdAt`, `updatedAt`) VALUES (1,'Córdoba',1,'1970-01-01 00:00:00','1970-01-01 00:00:00');
/*!40000 ALTER TABLE `localidades` ENABLE KEYS */;
UNLOCK TABLES;

--
-- Dumping data for table `mantenimientos`
--

LOCK TABLES `mantenimientos` WRITE;
/*!40000 ALTER TABLE `mantenimientos` DISABLE KEYS */;
INSERT INTO `mantenimientos` (`idMantenimientos`, `idObjetivo`, `idDispenser`, `idRemito`, `idEstadoMantenimiento`, `idTipoMantenimiento`, `fechaRealizado`, `createdAt`, `updatedAt`) VALUES (1,4,12,12,2,1,'2018-06-17 00:00:00','2018-06-01 00:00:00','2018-06-01 00:00:00'),(2,5,11,13,2,2,'2018-06-28 00:00:00','2018-06-17 00:00:00','2018-06-01 00:00:00'),(3,7,6,14,2,1,'2018-06-30 00:00:00','2018-06-28 00:00:00','2018-06-01 00:00:00');
/*!40000 ALTER TABLE `mantenimientos` ENABLE KEYS */;
UNLOCK TABLES;

--
-- Dumping data for table `medios-de-pago-cobro`
--

LOCK TABLES `medios-de-pago-cobro` WRITE;
/*!40000 ALTER TABLE `medios-de-pago-cobro` DISABLE KEYS */;
INSERT INTO `medios-de-pago-cobro` (`idMediosDePagoCobro`, `nombre`, `descripcion`, `createdAt`, `updatedAt`) VALUES (1,'Efectivo',NULL,'2018-05-29 04:31:32','2018-05-29 04:31:32'),(2,'Cheque',NULL,'2018-05-29 04:31:50','2018-05-29 04:31:50'),(3,'Transferencia',NULL,'2018-05-29 04:31:59','2018-05-29 04:31:59');
/*!40000 ALTER TABLE `medios-de-pago-cobro` ENABLE KEYS */;
UNLOCK TABLES;

--
-- Dumping data for table `motivos-de-reasignacion`
--

LOCK TABLES `motivos-de-reasignacion` WRITE;
/*!40000 ALTER TABLE `motivos-de-reasignacion` DISABLE KEYS */;
INSERT INTO `motivos-de-reasignacion` (`idMotivoDeReasignacion`, `descripcion`, `createdAt`, `updatedAt`) VALUES (1,'Enfermedad','1970-01-01 00:00:00','1970-01-01 00:00:00'),(2,'Vacaciones','1970-01-01 00:00:00','1970-01-01 00:00:00'),(3,'Otro','1970-01-01 00:00:00','1970-01-01 00:00:00');
/*!40000 ALTER TABLE `motivos-de-reasignacion` ENABLE KEYS */;
UNLOCK TABLES;

--
-- Dumping data for table `objetivo-cantidad-producto`
--

LOCK TABLES `objetivo-cantidad-producto` WRITE;
/*!40000 ALTER TABLE `objetivo-cantidad-producto` DISABLE KEYS */;
INSERT INTO `objetivo-cantidad-producto` (`idObjetivoCantidadProducto`, `idObjetivo`, `idProducto`, `cantidad`, `createdAt`, `updatedAt`) VALUES (1,2,1,10,'2018-06-30 15:16:23','2018-06-30 15:16:23'),(2,1,1,20,'2018-06-30 15:16:23','2018-06-30 15:16:23'),(3,2,2,15,'2018-06-30 15:16:23','2018-06-30 15:16:23'),(4,1,2,10,'2018-06-30 15:16:23','2018-06-30 15:16:23'),(5,3,2,10,'2018-06-30 15:16:23','2018-06-30 15:16:23'),(6,3,1,20,'2018-06-30 15:16:23','2018-06-30 15:16:23'),(7,4,1,10,'2018-06-30 15:20:50','2018-06-30 15:20:50'),(8,6,1,30,'2018-06-30 15:20:50','2018-06-30 15:20:50'),(9,5,2,15,'2018-06-30 15:20:50','2018-06-30 15:20:50'),(10,7,1,10,'2018-06-30 15:26:02','2018-06-30 15:26:02'),(11,8,2,30,'2018-06-30 15:26:02','2018-06-30 15:26:02'),(12,9,1,30,'2018-06-30 15:26:02','2018-06-30 15:26:02'),(13,10,1,30,'2018-06-30 15:36:47','2018-06-30 15:36:47'),(14,10,2,5,'2018-06-30 15:36:47','2018-06-30 15:36:47'),(15,11,1,5,'2018-06-30 15:36:47','2018-06-30 15:36:47'),(16,12,2,6,'2018-06-30 15:36:47','2018-06-30 15:36:47'),(17,12,1,6,'2018-06-30 15:36:47','2018-06-30 15:36:47'),(18,11,2,5,'2018-06-30 15:36:47','2018-06-30 15:36:47'),(19,13,1,7,'2018-06-30 15:39:26','2018-06-30 15:39:26'),(20,14,1,12,'2018-06-30 15:39:26','2018-06-30 15:39:26'),(21,13,2,10,'2018-06-30 15:39:26','2018-06-30 15:39:26'),(22,14,2,5,'2018-06-30 15:39:26','2018-06-30 15:39:26'),(23,15,2,10,'2018-06-30 15:39:26','2018-06-30 15:39:26'),(24,15,1,10,'2018-06-30 15:39:26','2018-06-30 15:39:26'),(25,16,1,10,'2018-06-30 15:44:12','2018-06-30 15:44:12'),(26,16,2,10,'2018-06-30 15:44:12','2018-06-30 15:44:12'),(27,17,2,10,'2018-06-30 15:44:12','2018-06-30 15:44:12'),(28,17,1,5,'2018-06-30 15:44:12','2018-06-30 15:44:12'),(29,18,2,5,'2018-06-30 15:47:14','2018-06-30 15:47:14'),(30,20,1,20,'2018-06-30 15:47:14','2018-06-30 15:47:14'),(31,18,1,20,'2018-06-30 15:47:14','2018-06-30 15:47:14'),(32,20,2,8,'2018-06-30 15:47:14','2018-06-30 15:47:14'),(33,19,2,10,'2018-06-30 15:47:14','2018-06-30 15:47:14'),(34,19,1,4,'2018-06-30 15:47:14','2018-06-30 15:47:14'),(35,21,2,10,'2018-06-30 15:51:43','2018-06-30 15:51:43'),(36,22,1,20,'2018-06-30 15:51:43','2018-06-30 15:51:43'),(37,21,1,10,'2018-06-30 15:51:43','2018-06-30 15:51:43'),(38,22,2,5,'2018-06-30 15:51:43','2018-06-30 15:51:43'),(39,23,1,15,'2018-06-30 15:51:43','2018-06-30 15:51:43'),(40,23,2,10,'2018-06-30 15:51:43','2018-06-30 15:51:43');
/*!40000 ALTER TABLE `objetivo-cantidad-producto` ENABLE KEYS */;
UNLOCK TABLES;

--
-- Dumping data for table `objetivos-x-cliente`
--

LOCK TABLES `objetivos-x-cliente` WRITE;
/*!40000 ALTER TABLE `objetivos-x-cliente` DISABLE KEYS */;
INSERT INTO `objetivos-x-cliente` (`idObjetivosXCliente`, `idCliente`, `nombre`, `direccion`, `localidad`, `latitud`, `longitud`, `observaciones`, `activo`, `createdAt`, `updatedAt`) VALUES (1,1,'Nuevo Centro','Duarte Quirós 3342','Córdoba',NULL,NULL,NULL,1,'2018-06-30 15:16:23','2018-06-30 15:16:23'),(2,1,'Sol de Mayo','Sol de Mayo 1125','Córdoba',NULL,NULL,NULL,1,'2018-06-30 15:16:23','2018-06-30 15:16:23'),(3,1,'Sika','Avenida Colón 3342','Córdoba',NULL,NULL,NULL,1,'2018-06-30 15:16:23','2018-06-30 15:16:23'),(4,2,'Multimarcas','Avenida Colón 2263','Córdoba',NULL,NULL,NULL,1,'2018-06-30 15:20:50','2018-06-30 15:20:50'),(5,2,'Oficina Norte','Nicanor Carranza 874','Córdoba',NULL,NULL,NULL,1,'2018-06-30 15:20:50','2018-06-30 15:20:50'),(6,2,'Oficina Sur','Avenida General Paz 119','Córdoba',NULL,NULL,NULL,1,'2018-06-30 15:20:50','2018-06-30 15:20:50'),(7,3,'Capitalinas','Humberto 1° 228','Córdoba',NULL,NULL,NULL,1,'2018-06-30 15:26:01','2018-06-30 15:26:01'),(8,3,'Patio Olmos','Boulevard Pte. Arturo Umberto Illia 800','Córdoba',NULL,NULL,NULL,1,'2018-06-30 15:26:01','2018-06-30 15:26:01'),(9,3,'Nueva Cordoba','Buenos Aires 89','Córdoba',NULL,NULL,NULL,1,'2018-06-30 15:26:02','2018-06-30 15:26:02'),(10,4,'Colon ','Avenida Colón 1120','Córdoba',NULL,NULL,NULL,1,'2018-06-30 15:36:47','2018-06-30 15:36:47'),(11,4,'Nuñez ','Avenida Rafael Núñez 3449','Córdoba',NULL,NULL,NULL,1,'2018-06-30 15:36:47','2018-06-30 15:36:47'),(12,4,'Central','Avenida Sagrada Familia 2777','Córdoba',NULL,NULL,NULL,1,'2018-06-30 15:36:47','2018-06-30 15:36:47'),(13,5,'Manantiales','Avenida Vélez Sarsfield 376','Córdoba',NULL,NULL,NULL,1,'2018-06-30 15:39:26','2018-06-30 15:39:26'),(14,5,'Manantiales Sur','Cruz Roja Argentina 2332','Córdoba',NULL,NULL,NULL,1,'2018-06-30 15:39:26','2018-06-30 15:39:26'),(15,5,'Opera','Nazaret 4382','Córdoba',NULL,NULL,NULL,1,'2018-06-30 15:39:26','2018-06-30 15:39:26'),(16,6,'Castro Barros','Avenida Castro Barros 2214','Córdoba',NULL,NULL,NULL,1,'2018-06-30 15:44:12','2018-06-30 15:44:12'),(17,6,'Lugones ','Rodríguez del Busto 2253','Córdoba',NULL,NULL,NULL,1,'2018-06-30 15:44:12','2018-06-30 15:44:12'),(18,7,'Granaderos','Bv. Los Granaderos 2663','Córdoba',NULL,NULL,NULL,1,'2018-06-30 15:47:14','2018-06-30 15:47:14'),(19,7,'Independencia ','Independencia 223','Córdoba',NULL,NULL,NULL,1,'2018-06-30 15:47:14','2018-06-30 15:47:14'),(20,7,'Recta','Avenida Recta Martinolli 2253','Córdoba',NULL,NULL,NULL,0,'2018-06-30 15:47:14','2018-07-01 14:57:56'),(21,8,'San Martin','San Jerónimo 3374','Córdoba',NULL,NULL,NULL,1,'2018-06-30 15:51:43','2018-06-30 15:51:43'),(22,8,'Recta','Avenida Recta Martinolli 2263','Córdoba',NULL,NULL,NULL,1,'2018-06-30 15:51:43','2018-06-30 15:51:43'),(23,8,'Caraffa','Avenida Emilio Caraffa 2283','Córdoba',NULL,NULL,NULL,0,'2018-06-30 15:51:43','2018-07-01 14:57:29');
/*!40000 ALTER TABLE `objetivos-x-cliente` ENABLE KEYS */;
UNLOCK TABLES;

--
-- Dumping data for table `paises`
--

LOCK TABLES `paises` WRITE;
/*!40000 ALTER TABLE `paises` DISABLE KEYS */;
INSERT INTO `paises` (`idPais`, `nombre`, `createdAt`, `updatedAt`) VALUES (1,'Argentina','1970-01-01 00:00:00','1970-01-01 00:00:00');
/*!40000 ALTER TABLE `paises` ENABLE KEYS */;
UNLOCK TABLES;

--
-- Dumping data for table `productos`
--

LOCK TABLES `productos` WRITE;
/*!40000 ALTER TABLE `productos` DISABLE KEYS */;
INSERT INTO `productos` (`idProductos`, `nombre`, `descripcion`, `tamanio`, `createdAt`, `updatedAt`) VALUES (1,'Bidón de agua 20 L','Bidón de agua de 20 litros',20,'1970-01-01 00:00:00','1970-01-01 00:00:00'),(2,'Bidón de agua 10 L','Bidón de agua de 10 litros',20,'1970-01-01 00:00:00','1970-01-01 00:00:00');
/*!40000 ALTER TABLE `productos` ENABLE KEYS */;
UNLOCK TABLES;

--
-- Dumping data for table `provincias`
--

LOCK TABLES `provincias` WRITE;
/*!40000 ALTER TABLE `provincias` DISABLE KEYS */;
INSERT INTO `provincias` (`idProvincia`, `nombre`, `idPais`, `createdAt`, `updatedAt`) VALUES (1,'Córdoba',1,'1970-01-01 00:00:00','1970-01-01 00:00:00');
/*!40000 ALTER TABLE `provincias` ENABLE KEYS */;
UNLOCK TABLES;

--
-- Dumping data for table `recorridos`
--

LOCK TABLES `recorridos` WRITE;
/*!40000 ALTER TABLE `recorridos` DISABLE KEYS */;
INSERT INTO `recorridos` (`idRecorridos`, `idDia`, `idFrecuencia`, `idTurno`, `idTemporada`, `activo`, `createdAt`, `updatedAt`) VALUES (5,1,1,1,1,1,'2018-07-01 15:33:38','2018-07-01 15:33:38'),(9,3,2,2,1,1,'2018-07-04 18:28:30','2018-07-04 18:28:30'),(13,4,1,2,1,1,'2018-07-05 04:08:10','2018-07-05 04:08:10'),(14,2,1,1,1,1,'2018-07-05 04:09:56','2018-07-05 04:09:56'),(15,5,1,2,1,1,'2018-07-05 04:13:53','2018-07-05 04:13:53'),(16,4,1,2,1,1,'2018-07-05 04:42:13','2018-07-05 04:42:13');
/*!40000 ALTER TABLE `recorridos` ENABLE KEYS */;
UNLOCK TABLES;

--
-- Dumping data for table `recorridos-historicos`
--

LOCK TABLES `recorridos-historicos` WRITE;
/*!40000 ALTER TABLE `recorridos-historicos` DISABLE KEYS */;
INSERT INTO `recorridos-historicos` (`idRecorridosHistoricos`, `idDia`, `idFrecuencia`, `idTurno`, `idTemporada`, `idEstado`, `idEmpleadoAsignado`, `idCamionAsignado`, `fechaAsignacion`, `fechaInicio`, `fechaFin`, `idRecorrido`, `idMotivoDeReasignacion`, `createdAt`, `updatedAt`) VALUES (3,1,1,1,1,4,3,1,'2018-07-02 03:00:00','2018-07-04 18:06:36','2018-07-04 18:09:03',5,NULL,'2018-07-01 15:37:41','2018-07-04 18:09:03'),(4,1,1,1,1,1,1,NULL,'2018-07-09 03:00:00',NULL,NULL,5,NULL,'2018-07-04 21:01:08','2018-07-04 21:01:08'),(5,1,1,1,1,1,1,NULL,'2018-07-16 03:00:00',NULL,NULL,5,NULL,'2018-07-04 21:01:08','2018-07-04 21:01:08'),(6,1,1,1,1,1,1,NULL,'2018-07-23 03:00:00',NULL,NULL,5,NULL,'2018-07-04 21:01:08','2018-07-04 21:01:08'),(7,1,1,1,1,1,1,NULL,'2018-07-30 03:00:00',NULL,NULL,5,NULL,'2018-07-04 21:01:08','2018-07-04 21:01:08'),(19,4,1,2,1,1,6,NULL,'2018-07-05 03:00:00',NULL,NULL,13,NULL,'2018-07-05 04:09:02','2018-07-05 04:09:02'),(20,2,1,1,1,1,2,NULL,'2018-07-10 03:00:00',NULL,NULL,14,NULL,'2018-07-05 04:10:37','2018-07-05 04:10:37'),(21,2,1,1,1,1,2,NULL,'2018-07-17 03:00:00',NULL,NULL,14,NULL,'2018-07-05 04:10:37','2018-07-05 04:10:37'),(22,2,1,1,1,1,2,NULL,'2018-07-24 03:00:00',NULL,NULL,14,NULL,'2018-07-05 04:10:37','2018-07-05 04:10:37'),(23,2,1,1,1,1,2,NULL,'2018-07-31 03:00:00',NULL,NULL,14,NULL,'2018-07-05 04:10:37','2018-07-05 04:10:37'),(24,5,1,2,1,1,7,NULL,'2018-07-06 03:00:00',NULL,NULL,15,NULL,'2018-07-05 04:14:50','2018-07-05 04:14:50'),(25,5,1,2,1,1,7,NULL,'2018-07-13 03:00:00',NULL,NULL,15,NULL,'2018-07-05 04:14:50','2018-07-05 04:14:50'),(26,5,1,2,1,1,7,NULL,'2018-07-20 03:00:00',NULL,NULL,15,NULL,'2018-07-05 04:14:50','2018-07-05 04:14:50'),(27,5,1,2,1,1,7,NULL,'2018-07-27 03:00:00',NULL,NULL,15,NULL,'2018-07-05 04:14:50','2018-07-05 04:14:50'),(28,4,1,2,1,2,4,1,'2018-07-05 03:00:00','2018-07-05 04:43:38',NULL,16,NULL,'2018-07-05 04:43:07','2018-07-05 04:43:38'),(29,4,1,2,1,1,4,NULL,'2018-07-12 03:00:00',NULL,NULL,16,NULL,'2018-07-05 04:43:07','2018-07-05 04:43:07');
/*!40000 ALTER TABLE `recorridos-historicos` ENABLE KEYS */;
UNLOCK TABLES;

--
-- Dumping data for table `remitos`
--

LOCK TABLES `remitos` WRITE;
/*!40000 ALTER TABLE `remitos` DISABLE KEYS */;
INSERT INTO `remitos` (`idRemito`, `idObjetivo`, `fecha`, `idEmpleado`, `idEstadoRemito`, `firmaConforme`, `firma`, `createdAt`, `updatedAt`) VALUES (1,NULL,'2018-01-10 00:00:00',1,1,1,'REMITO INSERTADO PARA REPORTES','1970-01-01 00:00:00','1970-01-01 00:00:00'),(2,1,'2018-01-10 00:00:00',1,1,1,'REMITO INSERTADO PARA REPORTES','1970-01-01 00:00:00','1970-01-01 00:00:00'),(3,3,'2018-07-04 18:08:06',3,1,1,'data:image/png;base64,iVBORw0KGgoAAAANSUhEUgAAAZAAAADICAYAAADGFbfiAAAgAElEQVR4Xu1dB9QVRdItwQCLgAIroCRBTCQRBBUVBAMmUAQVE6KYwJwJiokgxgVFlAXjsmIAA0hSEBRRQURZA6KuimBGXTHr+p/b/D3b733v+97MvEk9c+ucPep+093Vt/tNTXdV3drkzz///FMoRIAIEAEiQAQ8IrAJDYhHxPg4ESACRIAIKARoQLgRiAARIAJEwBcCNCC+YGMjIkAEiAARoAHhHiACRIAIEAFfCNCA+IKNjYgAESACRIAGhHuACBABIkAEfCFAA+ILNjYiAkSACBABGhDuASJABIgAEfCFAA2IL9jYiAgQASJABGhAuAeIABEgAkTAFwI0IL5gYyMiQASIABGgAeEeIAJEgAgQAV8I0ID4go2NiAARIAJEgAaEe4AIEAEiQAR8IUAD4gs2NiICRIAIEAEaEO4BIkAEiAAR8IUADYgv2NiICBABIkAEaEC4B4gAESACRMAXAjQgvmBjIyJABIgAEaAB4R4gAkSACBABXwjQgPiCjY2IABEgAkSABoR7gAgQASJABHwhQAPiCzY2IgJEgAgQARoQ7gEiQASIABHwhQANiC/Y2IgIEAEiQARoQLgHiAARIAJEwBcCNCC+YGMjIkAEiAARoAHhHiACRIAIEAFfCNCA+IKNjYgAESACRIAGhHuACBABIkAEfCFAA+ILNjYiAkSACBABGhDuASJABIgAEfCFAA2IL9jYiAgQASJABGhAuAeIABEgAkTAFwI0IL5gYyMiQASIABGgAeEeIAJEgAgQAV8I0ID4go2NiAARIAJEgAaEe4AIEAEiQAR8IUAD4gs2NiICRIAIEAEaEO4BIkAEiAAR8IUADYgv2NiICBABIkAEaEC4B4gAESACRMAXAjQgvmBjIyJABIgAEaAB4R4gAkSACBABXwjQgPiCjY2IABEgAkSABoR7gAgkAIHvvvtOVq1aJXPmzJHFixfLn3/+KZUqVZLKlStL3bp1pWfPnrLDDjvIrrvumgBtqQIR2IgADQh3AhGICAEYhTfffFOWLl0qa9askSVLlsjs2bM9j960aVM5//zzZeDAgbLpppt6bs8GRCAoBGhAgkKS/RCB/0dg/fr1smDBApkxY4Z89NFH8s0338g777wjVatWVf9ekWy77bbSsmVL+eOPP9QJZLPNNpOvv/5aXn755YLNmjRpIqNGjZKDDjpIatWqxTUgApEiQAMSKdwcLG0ILFq0SO6991556qmn5KuvvqpweriK2mOPPeSnn36SNm3aSIsWLaRz587SrFkz17CgLYzTbbfdJvPmzXPaoQ/0fckll8juu+8um2yyies++SAR8IsADYhf5NguswisW7dOjjjiCFm+fHm5GDRq1Ei90PfZZx9p3769tG3bVqpVqxY4Zm+//bZMnDhR+U1eeeUVp3/4Sh566CFp1apV4GOyQyKgEaAB4V4gAi4R+OKLL9TX/dq1a8u0gJN7yJAhytEdx1XSzz//rK7Mhg4dKu+++26Oftdcc40MHjxYXYdRiECQCNCABIkm+0olAitXrpTWrVuXmdtFF10k119/vfJtJEl+//13ueqqq5RvxJSOHTvK1KlTpXHjxklSl7pYjAANiMWLR9XDRWDDhg1y9tlny4MPPugMhBPI3LlzpXbt2uEOHlDvjz/+uBx11FE5veFKDdFftswhICjYTQgI0ICEACq7tB+Bq6++WnD1o6Vdu3Yyffp0adiwoZWTe/LJJ1UuiSkvvfSS4FRCIQJ+EaAB8Ysc26UOAeRpzJ8/X/r27Ss//vij/PDDD9KjRw+BMYETPA2CE9WECRNypgL/yRZbbJGG6XEOESNAAxIx4BwumQjga3yvvfZylDvhhBPk3HPPTeUXOoIAGjRokLMQb7zxBiO2krk1E60VDUiil4fKhY3A559/Locccoi89tprzlAvvPCCdOrUKeyhY+8f2exjx4519Jg1a5Z07949dr2ogD0I0IDYs1bUNGAELrzwQpWQp6VXr15y9913Z8q5jERIJDNqQfSW6fsJGHJ2lzIEaEBStqCcTnEEcOqoV6+e8+A222wjuMJBpngW5csvvxRgoAWnr4ULFyoiRwoRqAgBGhDuj0whsGLFihyH+Mknnyz33XdfpjAoNFkEEICY8b///a/6MwzK6tWrpUaNGpnHhgCUjwANCHdHZhB47733pHnz5s58H3nkEendu3dm5l9sojAiIGV85plnnEdB/rjVVlsVa8q/ZxQBGpCMLnzWpo2v6R133NGZNv4btCOUsgiA+XfPPfd0/gDOr7SEMXO9g0WABiRYPNlbAhH4+OOPc+g7kGEeBrFhAqfuWyXQ0IMqXsuyZcsEyZQUImAiQAPC/ZBqBH777TfZfPPNnTn+8ssvOf+d6smXODlghZMHGH8hF1xwgYwcOTJx3F8lTpPNS0CABqQE8Ng0+Qh06dJFRRRBEG1Up06d5CudMA0vv/xyGTNmjNLqzDPPlBEjRmQq1Dlhy5EodWhAErUcVCZIBEBhPnr0aNUlM61LQxY1R8A8jOtACErzsj57aZimoTUNSBpWkXMog8ADDzwgCNGFTJ48Wfr370+USkTg9ddfl912283pBeHPGuMSu2ZzSxGgAbF04ah2+Qh89913Tujp8OHDFRkiJRgE8kOhkckPShRKNhGgAcnmuqd21kiEa9mypXzwwQeKSffhhx9O7Vzjmhic6yiVi1BoSL9+/VRdeEr2EKAByd6ap3rGYNQFs+6+++4r4HmihIdAnz595NFHH1UDgBoGteI32WST8AZkz4lDgAYkcUtChfwiMGjQIBk/frxq/scff0ilSpX8dsV2LhE4/fTT5e9//7t6GpUPp02b5rIlH0sDAjQgaVhFzkGGDBni1AD/17/+JS1atCAqESFw9NFHO4Zj3Lhxcs4550Q0MoeJGwEakLhXgOOXjMDSpUulQ4cOqp+77rpLzjjjjJL7ZAfeEEBNFdRZh+Aqq379+t464NNWIkADYuWyUWmNwLfffitbb721+s8jjjhCUPubEg8Cpv8DxIyU9CNAA5L+NU7tDPGSMv0cv/76q2y22WapnW/SJ2aWykVhLvhHKOlGgAYk3eub6tldeumlctNNN6k5oiStmeSW6okneHK4QjzrrLOUhv/5z3+kevXqCdaWqpWKAA1IqQiyfSwIfPHFF04FwcMOO0xmzJgRix4ctCwCtWvXlvXr1yverAkTJhCiFCNAA5LixU3z1HjfntzVNWuvIBcHOTmUdCJAA5LOdU31rMwXFCJ/Dj744FTP18bJXXzxxXLLLbco1cEOEHSCIfJNTjvtNDnmmGNU5B0lHgRoQOLBnaOWgABPHyWAF1FTsw7L1KlT1Ys+KHn33Xdlp512Ut3hn++8805QXbMfjwjQgHgEjI/Hi8DKlSuldevWSglSise7FsVG/+c//ynHH3+8egwGZdNNNy3WpOjfUU3SdMyjfnu3bt2KtuMD4SBAAxIOruw1JAS6du0qCxYskFq1asnXX38d0ijsNggEzFPIcccdJzAopcp+++0nzz//vOoGV1iaRqXUftneHwI0IP5wY6sYEDDzDHBtoa8xYlCFQ7pEAMSWILiElBpqvWTJEtl7771VXyBv/PTTT11qwcfCQoAGJCxk2W/gCBx44IGCKwsIM50Dhze0DsFL9tZbb0mNGjUEtVr8yM8//5xTi/2nn36SKlWq+OmKbQJEIJUGBFEfqJY2c+ZMdfd64YUXqlDCypUrBwgdu4oSgR9++EG23HJLNeQTTzyhan1Q7EBgzZo10qhRI6UsinuhyJdXQaTd3LlzVTP016BBA69d8PkQEEiVAUHyEoj0HnvssYJQgTepZs2aIcDILsNGAB8BqH7H00fYSIfTf6dOneTFF19UnX/11VeCZEO3Mn/+fMdRfueddzqZ7m7b87nwEEiNAQGFN6qkVSSgmQbdNMU+BLbZZhv58ssvVbGojh072jeBjGv8ySefSMOGDRUKf/3rXwVMAm4ExgbPQ3bZZRcVeRd0TokbPfhMYQRSYUD+/e9/S9OmTV2tMe/OXcGUqIdQlrZ///7KgYprDL5AErU8rpXB6R/8WBDkcjRv3rxo28GDB8vo0aPVczA62pgUbcgHIkEgFQZk9913VxEeboQGxA1KyXkG6wXfx48//ijTp0+XI488MjnKURNPCHz44Yey/fbbqzZbbbWVfPPNNxW2f/XVV6V9+/ay3XbbyT333CMIoqAkCwHrDQic5aecckpBVHFnfsEFF+T8jQbkf3Cg7Ovy5ctl4cKF8sYbbwh8RLgmQNZwu3btErFTH3roIenbt69Uq1ZNkERGsRsB8/SI9cS6lifI9YGRufzyy51TiN2zT5/21huQQtcZyA+ATwSZr/l/z7oBwZ0yHNIPPvigq90MNtVjjz1WfTHGIXr9Jk2aJKeeemocKnDMABEwq0ceeuihKlKykOigCeZ7BAh+CF1ZbUBwN46XW76YtAmmARkwYIBMnDgxBBiT3yUMJyr2lfeDdTMDxN2vWLEisgQ+jNW2bVulWhiEfG7mzGeCR6AYlxlOxF26dFEDM2E0ePyD7NFqA1Lo9HHDDTfIZZdd5mBkPoPrGv1CChJEG/radddd5e233w5EVVwZggF18803D6S/8jpB3g4MB67VkIhGSQcC/fr1k/vvv19NZtWqVbLjjjs6EzOrTN5+++0yaNCgdEw6pbOw1oCYPDvm2phfqvklT7N6fYWrHzgh8+Xmm28WXCPsvPPOOX8Cto8//rjAiYmcmvfee69M2zZt2sgrr7wSmhEx1/f11193CBRT+jvM1LQ+//xzRUUCady4scC5rmWfffaRxYsXq//M6u/Vps1grQFBzWVUPDMFXzL4otECJ7HJAJrFDYkvuPHjx+fg5CeTG9dJiID66KOPnL5QCRCRUWHUIYeP5qSTTuKLxKa3iQddC11j4ZQJ2hPIL7/8EtrHiQc1+WgRBKw1IIWurz7++GMnWQnz/uyzz6R+/fo5x+Ms7Ygnn3xSevbsmTNlfO3hq8+vPP300wLDYUoY8flNmjRxjFUchh9G9vzzz5dzzz1XUByJEiwCoHnX7LzgucJ1aKVKldQg+Dg8/fTTgx2QvYWCQKoMSP6L5v3335cddthBAZe1aA5QndepUydn0yxbtiyQ8FxQUhxyyCFOUhgGwWlPvwCC2Kn6AwHUNFFXnPv1119liy22cKaBiD79ZRzE3NjHRmZe5G9B8KGDcO0pU6aohNHJkycTIksQSLUBQfIZGEDxchsyZIiMGDHCkmUpXc38Exq+pjWXVOm9izod4JSgBTQVOAEGIfBjaeJLRI3BTxOlmOVYMS5KsyKslBIcAqZ/En6PF154QXUexmk2OK3ZUz4CqTYgmCz4k1A3AF+QWWHjLUTtEvQJAdiatR7w38OGDZPrrruu5F+ZqT9OA2H4WCpSMt/4Zjl6r+TFrKCDfJzhA0HEHcUeBFJjQHC6wCmDInL44Yfn5HssWrRI0dmHIajPYVJMBOGvgNNfh29Gnf/x+++/lzFYbnmbwsA3zX3Cz6ErCl566aUyZsyYNE83lXNLjQF5+eWXpUOHDqlcJK+Tijr7HgR3yHCHgFrm5JNP9qpyzvO4B7/33ntVeHFQuStuFSoU3Qd/Emg1KMEi8NRTTzl1XbDO+eHkwY7G3sJAIDUGBCyf1atXDwMjq/rMd57D7wH/R5hixvU3a9asYN6Il/F1Bbs+ffoI2AaiFNMY6nFxKsnK9WeUWO+xxx6CwA7I1KlTFQcbxS4ErDUg+ZnVQVyd2LV0hbXNp3eJqvRnMXoKt9iauTtXXXWVXHPNNW6bBvJcofBwBGNUrVo1kP7ZyUYEkNhqcpshSAHBChS7ELDWgCC80+S1ogHZuPFwAvjggw/Uv+cnVoa5NW+88UaHQgYhmrvttpuv4dauXeuUK509e7aglGlUAmP7l7/8pcxwyFMww3qj0iet46xcuVIxC4DvCgZ7wYIFKtx+9erVaZ1yaudlrQFBtA++UCGgbL/11ltTu0huJ5ZP3YLa06hBHYXgGgsJisggvummm3wn38GpqpPIvJY+LXWeCDbo3LlzTjc4eeAEYrMgkq13794CnwO+9LE+QebseMVGn/LWrVunfsPakW6SoHrtk8/Hg4C1BgQ0F5qS/JFHHlE/kKwL7pGPO+44Bwa81FEKNioJ4hoLRI1wxEOiPlWOHTu2oL8oaj2CXq/8a7koT6b5c0FS6FlnnaV+uyeccIIKlkDQBGTevHlywAEHBD199hciAtYaEByBcRSGPPfcc2W+HEPELLFdRx19lQ8EKsfhq7KUl38QRsjvAoH2BVnR+WKzAQFdCGhDkjAn5GNtu+22KjFUlxUww8DjYB3wu1fYbiMC1hoQ80WDxDMzKzqrixu3AUEsP65HIH6vI/QcwCDw3XffRbqU5VHe22xAyqsfXyonmp+FAZ0QTsVr1qxx/FxYY12sDNdqCKKg2INAKgwIo2Q2vrDN+hy4jgERYJSCq0QdiplPbOlGDzirdbTTwIED5Y477nDTLLBnzLBSs1NbDcj333+vqHwKCYIeLrnkksCwK9YRoungj0P0lVmCmiUXiiGX7L+nwoCEQdOR7GUrq52Zi4G/4uWx5ZZbRjoNRNHo4kAzZswow9pbTBnkBOAlDgHrLwgbo5RWrVqpUsj5YqsBAellp06dCkJ40EEHyZw5cyKBV+/N8gqDxXltGQkAKR4kFQbE1h94kPvKfHmj3zgwWb9+vdSuXVtNy49DdOjQoTJy5EjVHlcb5X09B4mb2ReocEaNGpUaA/KPf/xDTjzxRGc+YGfWjAHwIaJQVxSiDQRCtOEDyRcakChWIZwxrDQgPPaW3Qxm/kRcBgTElTrqC9UK9WnC7dYFaSKyvuPSHyVUC137xWGM3WJW0XMw4jhpaEEuC8KsITvttJOqNx62/O1vf1Nh9oMHD3Y+DioyIH59Z2HPg/0XRsBKA4IfQZUqVZwZ2foDD3JTfvPNNzl8TXFgsnTpUoePzA8BYdxfovkvXKwP+NXAs2aj5J9K8+cQ9h7BaQfUMMU+CMx153W0XTvNSgPyww8/5Nzvh/1DsGVJ434Bo7xtr169FFx+srfj1j+/BLJed5v3V3lRWMVe6kHs+QYNGghOxm+++aYgwq2Q8GMwCKTj68NKA5IfXWLzDzzIpddEgAiHxA/TrAcf5Djl9WWyA/hZk7gNCOZV6IXrZy5R4O1mDDNfKsoTiE7KvPbaa+XKK68sV9UVK1ZI27ZteZvgZjET+IyVBsR01kbxJZXAdSuoEhhjUT8DEkchpnPOOccJvfXz0tUv7yOPPFJwmolD+vbtq8qrmoKrufbt28ehTsljmtdIURkQ7QvDBwx8GhWJGTjB33LJyx15B1YakG+//Va23nprfrXkbRcUjdKlQT/55BNBZniUctpppzn1rL0aENOHA7oLZCXHIYUKSkEPm8sFVKtWrSCfl9c1crseOhz6s88+k7p161bYzGQvQB6TdvK7HYvPxYuAlQYEX9cmO2pYP4R4l8b76Ij5R+w/ZMmSJbLnnnt676SEFuDhAh8XAhzAbOtF4HRHZBBk1apVTj6Jlz6CehbUOPvvv3+Z7mzdZ/kndj2xyy67TG644YagYFP9aD62KVOmCE5zxcS8MmTt+WJoJe/vVhqQfGenrT/soLfD7rvvLqBSh4DT6Ygjjgh6iAr70ycQlNQF86sXmT9/vnTr1k01wVeomVXvpZ+gni3kC7GZ9Rmngfr165eBZ+7cuTkliUvBDx92SF7FiQfXWG58cCbObk4spejHtsEjYKUBAQxJcLgGvxyl9YiQU9zXQyqKuy9tlPJbg10VX574p2ZKdjvW5MmTBQYIkoQPgvKil+K8XnOLZXnP7bPPPrJ48eKcPyOx76WXXpKGDRuW2r1i2QU+bqmFEJ3VsmVLZ9wkrHvJIGSsAxqQFC34scce65SAHTRokCAxLkoBKR4yyBGyiZeDFwFPkq4+mIQXiWlA8FW9YcMGZzq2lg+oKKS31K9/TZsC9l+zpEBFe2D8+PGCfaolCevuZc/y2ZSw8XLjbdzKuGJB5i8E10Ggyo5SED6Mtdhrr70cX4zb8UsNAXY7jtvnzJct/EmYkykoJWB+PbvtN87nzDlB93zeL79JfAgw2H777RV3mZeTJ3TQHxpxlC+Ocy3SMrb1J5A4aL+TuvjgkUJYJASlWZFwGaXoFxReJCBD9CKarRVXKWDyjVv0XBBR9MYbb6iyq127ds1R6+uvv87J/o9b52LjmwYETLxvv/22U5dDt4XD3YxwLNYn/n7yyScrXi3Q13gp/Ysytu+//74agjV93CCdvGesNyCova0dx8mDN1qNUIsDNTm0RH0y0y+oAw88UOCc9SIoY4vSpu3atROw8sYpZqLqFVdc4RAs3nzzzWUo0OMgffSLjWlAsD44peLaEfM1Zfny5TnJfRWNd/fdd6tTLwyApi1xox9qgjRq1Mh5NI68JTd68pmKEbDegBx11FEybdo0rrOILFy4ULp06RK7AfHjf0GVulmzZikqlMceeyzW9USBsqZNmyodcPIwMcVLDy8/U2x4+eVHLiKXqmbNmmoahXwjbtYQ13jDhw9XjL+awsbtwuHU8sADD8S2V93qyedSakBQdwJkcTiKozgORRS7KmouxH0C8ZNfcPTRR6sPAfhChg0bFutympxeuGLRxgRK5TNBx4W1V4Aef/xxwcdWIX1NFmWzX+wlJKbWqlWrzHAwmhdeeKGgTO3DDz/sKmTX7MQ0WnFct3rFj88XRsDaEwhK2H700UeJeOEkZXPlZ1HHdYXlJRJHY9evXz+5//77BTUsCtXwjhJj1ARBbRBEX+Vf70CP8l64SJ40WaKj1LnYWN27d3cKSBXK+AblSO/evQvWhG/WrJkqVQyKGS1jxoyRyy+/XF0f4xrZi8Bhjg8FLZMmTZJTTz3VSxd8NiEIWGtA9BeMn6/dhGAfihpx5sfosfFVivrXXuTss89WxuP555+XNm3aeGka+LOmc7c8I5xfAVIr4TYHInCli3SY7/+An6qQ4FSPv+HjrJAgymrnnXdW3GB+cmIKJTRG/aETNfZpHs96AzJgwACZOHFimtfI09zMF0WUUULmV7mfFwIcushGxwsML/A4xa0Rzqci1zq/9dZbOVeJcc4FYz/77LNywAEHKDWQJY5TVUU5IXgOV3cIC0dp4vIEpJPIPXIrhfBC9B1OJBQ7EbDegOCqYcSIEXaiH4LWmtIdXSNq6KKLLgphlLJd6qQwNwyshRQCDxb4sPJ9DpEonzeIWwOCZrg2xFVXPgkgMuv79+8fh/plxkSZYYTnQg4++GCZPXu2a72KFaXSHe29996CSLqePXsWDAOGUW3RokWZcf18bLhWng+GjoD1BiQJTtfQV8nDAJrMTjeJ6geK+/EnnnhCrr/+eicXxYPazhcxvo7xQo5TvBgQree9995bxmCcdNJJKgQ4alZkE7t84tE777xTUY54lUWLFknnzp2LNoN/BZxb++23n7oK69Onj7z33nuCfJp8ScJaF50QH6gQAesNCH6giNWnbEQgrnrx+qVrhod6WRPdPiqDV55uZrgrMuvx324Fz+Lax6SQQZ13JNmZ0XFu+wviOXCijR492unKT6VINIZPBIErEBgF0LmUIqDvRw4KxW4ErDQg5o8c2df4kVD+h4DJyhsF5QaoPnCFUUo4ZlIMiOnkRTU/vPy9CiKTDjroIEExJy0IU4bPwA1DrdfxynsexcVQZMwUvwa6cePGiiEAeAAXLegPZIxgX8bfkLWPWjTlCZgGcE0Jw0qxHwErDQi+oqpWrarQR/ayZnG1fzmCmYF534yaIHjBhynIRr744otVqOeZZ57peSiEv8L4QPy+4DwPWk4Dk+CvFH4mXM/AwYzkSFNQ3hVlXqOQfEc58jVwevAqEyZMEETJ4UoOodbFBAEV8E3it2kKouyASb5RK9Yf/55cBKw0IGaBHCSfmQlSyYU6Ws3Ml0fY9TXAf4S7dlxzmPQUbmdshsTGbUDMCnleKD3Kmyte2oUilRAKi4RF/DMMMeeh+/eDrXkis4m2JQxM2WdZBKw0IBVRTXCRNyKAfAo4MiFI+jI5soLEyAwR9fOCgi64ZtPXIn77CGpOfhzoxcYGqWWdOnUEJ+dC0qNHD+WnCMJPAh8UPqjATWWKH9+UeQVmK4V9sbXh30tDwEoDAtbPjh07qpnHXf60NPjDbQ0KCjgrQfsCnMIQVD1ErgAyiZFR7EcQvaWznOM0ICaJIuYRtC5m1cXycMLJAfQ8KMrlhZwQBuOUU04pmADo13EORgCwCiAvB+G8FCKQj4CVBsR84axbt65gqU4u9cZTCEIp8VWN2H83YZhecAP9hS49i0qIyE72IwgtHThwoGoa9Evbiz7Imbn11ltVE/hz4NcJQ1A/47zzzpP77rvPV/dwaJeXKW52WEoJXvNkGWVCqi9A2Cg2BKw0IHDaamct72Ur3jv4KtUvqqBfznCogsOq1Bc/yBN1MmjQOrr9ZeWz1UbJsAv6elCE6GJgbnWu6Ll58+Y52ede+zM/DFDXBfVdKESgEAJWGhBEdyDrFYJMYEZ1lL+5TSfobbfdJueff35gvwTtLyiVUh9f+rfcckvJhqiUiZmJcnB6I+Q2DkGoLEJizznnnHKHR8EnXE3mC/Iq4Es55phjPBeFMvvStdObN2+u2AEoRKA8BKw0ICBx09m0NCDFNzf4wrR/AjH6QWRGo5odap9DUBq1EE1Fcc02PpGEEwgKWSHqCvLBBx+oEq1JEfhmsG6IcAOXVZiCQlOgO4H49Z2EqR/7ThYCVhoQ8wSCSJFixHDJgjx6bfJJ7HAHX7169ZIUMQsrlXrthFPR2LFjlT6l9uVnUrjuQUErfIzgwwQ+mSwKfB2IFoPMnDlTYUIhAhUhYKUBmTNnjqC+AQR316CcoFSMAF4Ihx9+uPMQrkqQFexHzEROt/LlGFoAAA8sSURBVMllFY1j1nKPw4CYHyB+wl39YJi0NiYFDqKvkPRHIQLFELDSgKxYscKp2cwrrGJL/L+/myc3/L9+HaRmOVJkHeuvVvea5D45ZcoUFbYaxwkEfiFU1oNEkbXvF6Ow25kRaMhb0cwAYY/L/u1GwEoDYjqGo4yWsXupN2pvUnXgvxHjD0MCh6lbCTrZzjwdRXkCMSlUMPcoeMPcYhzlcx9++KHj8wFzLioQUoiAGwSsNCDmDz/JZUTdLEAczyxYsEC6du2aMzSutxBKWrNmzQpVQp0LzT0WVPlZ5JB06NAh8hMIopYQBg7ZZpttBJQqWRMz25y1dbK2+qXP10oDYjqFv/jiC08Zu6VDlo4eEOuP2h35xH7FilAFffoAmljDunXrRmpAUM8bFC9agriKs3FngEYFYcNeC03ZOFfqHDwCVhoQwKBfZAgnDYuQLni4k9cjrgMRjmvmFeA0AAqLpk2b5ig8fPhwx+Dcc889ijojCIEfS9N7R3GFBd1BvaIlzKzzIPAJqw9En4F2HrJhw4bQQ4TDmgf7jQ8B6w1IKRQa8cGevJFBe4IENBgULaDCQMVHXSEwjNOHHiuqeiA4deD0YUoURitpK26G7C5cuNAh3kyantQn2QhYa0BAoQFOLGQQmwVukg13srXDixQJhzAciMTRAqzBv6Svu8KowQI2AdzHh5XXg2tP5Hig9KwpWQ0Db9u2rSCa8YEHHpATTzwx2RuT2iUWAWsNCArjPProo8qI4B6XEiwCMCLlcTOtXbtWtt1220AH1C80VPGrXbt2oH2bWfNmx/ADRVkhMNBJldCZjsQrlYKmBBXYNCUIWGtAND0HfgyolkYJHoGXX35Z5UaUJ+BkQhIgWHhhAErhJAO3GWpOoCwqTjtBiRnhpftEzsONN96YyQRUlNtFyWPkecDvpdmUg8Kb/WQLAWsNCF44uEpBoSQzmiZbyxf+bEEb3qRJE1cDIZIKJxeEBLds2dJVG/0QQoMRIlwqr5Y5KOhRhg4dqhzEWlCTY//99/ekW1oexjUewrTxT9Qub9WqVVqmxnnEhIC1BgT3tshD2GuvveTFF1+MCb70D9u7d2957LHH1ERRCRIvH0Qt6XrXcH5X5IRGXXEYFJxSKuIsQxElhBDjWvLoo4/2DSx0wUmmUBnZrId86+JfWM9evXr5xpgNiYBGwFoDoinAkQxWiNqaS1w6AmbCJk58qMNiCkgZcc0FRyz+51aQtHfuuedKp06d1HUKvop1XgaulmBMvAgc4aBfBy0JamvkC/q+5pprBLXbsyqaqgR1dCZMmJBVGDjvgBGw1oDgagL375AshmEGvA8KdnfGGWfIxIkT1d8+/fRTqVevXoXDonYEcixQk6JUQYnbnj17qiTRKlWqCBz3oBoBtTkM17Rp09RpqJi89dZbgdQaLzZOkv+OksM4fSDf580330yyqtTNMgSsNSDjxo1TZUFpQMLZcbgjb9OmjeoclQfBuutFcCoAZQpOFKgxEbWgQJUmSYx67CSNt2bNGkVU+cILL8j69esFJ3YKEQgKAWsNyOLFiwWV02hAgtoKuf1o3wey0d9///1ABwH/FIo2wUjh+hG5GYi+cisoqmTmqey3335Sv359AUtwt27dMn1VZWKIkxrIMkHTAroSk87fLdZ8jghUhIC1BgRXGTVq1FBzy7pzNOgtPmvWLKeYUFQOV1w16aqGCL1F9BeuW0BwiLwQfCzg67lWrVoqKiyL+Rte1xkGA0zHSATFVaSmi/HaD58nAuUhYK0BwYR0VA8q2sGBSgkGAbyccQUFiareStR8WMEgldxeHn74YScSDbQlMLwUIhA0AlYbEE1/wWus4LYFInR0YiaurvIJFYMbqWxP+oOANV5KQxkBBw0aNFCdkGy0NCzZumIErDYgoDFBtA4EVx0ID6X4R8Asa4q789WrV/vvzEdLbUCynOznA7acJjg56us9hC8HERFXqk5sn14ErDYgWBb90oHTFwlkFP8IoD7IlVdeqToIg++qmGaobQ8jhvDhu+66q9jj/HsBBEaMGCHDhg2TnXbaSQUmZDn3hRskfASsNyAIL0UlPUhWmVWD2CaffPKJNGzYUHWFU9306dOD6NZTH/rlh0bM7fEEnXoYJzdEoUFY38M7fmzhHQHrDQhqOIN3CUllo0aNkiuuuMI7ChlvYTqwAUVcPghcme24445qNcKidU/rUn/88ccOCeUrr7wie+yxR1qnynklCAHrDQiw1Bw/+HcYEjKMetthoBW5/fbbVaOpU6eqwlJxib6SRPLhgQceGJca1o2rcWNpWuuWzmqFU2FAkJTWrFkztRB+uJSsXsESlTcTMvfee2/Bf8cphx56qCAPpUuXLiqTnVIcAWSaT5kyRT3Ia9ziePGJ4BBIhQEBHChwBL4mSFYLBXndFh9++KFsv/32TrMk+B1AubHvvvsqnZKgj1dMo34egSP6xIjky0aNGkWtAsfLMAKpMSD4Wu3atataSkTwIJKHUj4C+cYjLr9HIQ31dczTTz8thxxyCJexHATWrVsn2223nforEmmRUEshAlEikBoDAtDMehP8ei1/G3377beK5RbOc0jSqGAQTnz11VfLcccd50TYRfmjsGEsnLK1rw9Z5sg2pxCBqBFIlQG58847ZeDAgQrDW2+9VVXHo+QiACLDdu3aOQSJIDNMGkPrc88951QNBGkiyq9S/oeAaTzw/0ZFN8M1IAL5CKTKgJiZ1JgoTyG5y/3VV1/J8ccfL/PmzRPUM0fo55ZbbpnIXwX0gvEAp1OfPn0SqWMcSmFPoxDXkiVLEnl6jAMTjhkfAqkyIIBx+PDhcu211ypE77vvPkXxTRFVhAn5MqgPsfPOO8uzzz6rAg+SKuDjAi9XGHTySZ2zG73gE5o9e7Z6FAW8mjdv7qYZnyECoSCQOgPy448/CupFaEmScziUFXTRqcmPhMfhfEX9jCQLEkT1yxE+G5S9zbqgpDBK0kJIkpj13ZCM+afOgABW1NS++eabFcKouf3qq68mA+0YtACjLogRtaCIU6tWrWLQxPuQOihi7NixqoZ6luWqq66S6667TkGwcOFCQREtChGIG4FUGhCAakZkZfWob4Z5ApM77rjDCTKIe+O5Gd+8rsmyP8vke4uqwJeb9eEzRCC1BuS1115Tpw8tWcvQNbPzgcGQIUMEZIU2iVmlcNmyZSp6LGsycuRIGTp0qJo2WALAFkAhAklBILUGBAAjsVDTYbRt21aWL1+eFNxD1cNk1sVAyFQGx5WNok+SyJiHUcySTJo0SQYMGKCmjPK+u+66a5amz7lagECqDUh+WG8WQkJxPw4eKS3gCHvnnXesrSGOvB7k90AQSVa9enULflalq2hWhszq6at0FNlD2Aik2oDol44ZwZNmBySKQSGLW0uvXr0Ed+Y2ixlVhzDklStX2jydorojKRBJsJdddpnUrVtXOcxRHIpCBJKIQOoNCEBHFFb79u0d/G2KRHKzaZBwl58QiGSz559/PieYwE1fSXwGiYSPPvqoUg3hvZp5OYm6lqLT+vXrpWPHjmqO3bt3VxT7aZ1rKTixbXIQyIQBAdzIwgb/kxZkYesKfMlZDm+aoOgSwpXxtWpK2sgk868i01hsChQzCPrQfh5cO/Lk4e33wKejRyAzBkR/verkNNSKhrO5Tp060aMewIiod73bbruV6SmtlN5mVF3nzp0FfFlpERiLXXbZxZkOTiKgmqEQgaQjkCkDgsXAC7ZJkyZqXeAjQHZv7dq1k75Ojn6rVq1S9CwoW2oKfB+DBw+WSpUqWTMXr4oOGjRIxo8fr5qlJR/CrH+ChM8VK1bkMCl4xYjPE4EoEcicAdEnkVNOOUXF1eOaAP+0wYig5jvyOUxBlBKqMGaFsbZBgwaydu1aBQGMqa6hHuWPJqixwEd2wAEHON2xHHNQyLKfqBDIpAEBuPkUH8gXMcNfo1qAYuP8/PPPys8xbNgw5RA3M7JxrVPoGqtYnzb/HbVLEJ0EQf3vp556SjbbbDPrpjRz5kw5/PDDHb2TSKtvHahUOHIEMmtAChkR/H9g8O3bt2/sLyVkzuO0MWbMmJxNgS9W8EKB5sPGF2cQOxz+HxSbgu8AyaKgp7fl6g4fAKhTA34vLZ999pljFIPAh30QgagQyLQBAcg//fSTCplctGhRQczhzEQYaYsWLRSVBv5XpUqVUNYHVzI4CcFw4Is0Xx566CE59thjQxnbtk4RoqwJBU899VRB1rYNYoYkQ9/vv/8+sTVZbMCTOsaLQOYNiIZ/1qxZ0qNHD6fMq5tlQW4JvoC7deumOIoqKs4EYkPkayDCZunSpbJ69WoVSYSclGICLiQzQbDY81n5+xNPPCFHHnmkmi4c7MibSKrgQwURf0iM1GK7DyepWFOv6BCgASmA9dNPPy1PPvmkqtiH6wX4S0CjEbVceumlAsd55cqVox7amvEQeTZ69GilLyLqTj/99MTpjn3UuHHjHL2yRMuSuAWhQoEhQAPiAkp8NSLyZ9q0aTJnzhyHoNFFU9ePIIrq0EMPlf79+6urmaSWmnU9oYgehE9h8803d06OSQvvnT59ugoXNwV7KcnVICNaOg6TAgRoQEpYRNQZefHFFwUvCZxY8gW0FAg7hR8Fzm9kGuMaC5xOm266aQkjs6mJACoWmol3CGtGUbE4xcw30nrAd4YrzKpVq8apGscmAoEhQAMSGJTsKE4ENmzYkMPUi5rq8IlEHZ2F6DlUD0QdD1MQOWdGXsWJFccmAkEhQAMSFJLsJ3YEPv300zJXQ+BAiypJND8xUAOCsOPWrVvHjg8VIAJBI0ADEjSi7C9WBBAWW6NGjRwdECn34IMPSv369UPRDdFUe+65p+AqzRTbSgiHAg47TTUCNCCpXt7sTu6iiy5SdTVMQeY6kvgQdl1qEiac98hFQQ4KovRMOeywwwTFy7JCL5PdXcaZ04BwD6QWgd9++006dOigCApNQY2N3r17C3jEGjVq5Gn+oF2fPHmywEDlS6tWrWTu3LlSr149T33yYSJgKwI0ILauHPV2jQAKNI0bN66gExs5NsOHD1dRWxVFR+GUgborCONGJJ0pRx11lHLYMzTX9ZLwwZQgQAOSkoXkNIojgAgpUNYgQuqZZ54p2ABUMchuR/ExFHeCwSivLPC1114r5513npglk4trwSeIQHoQ+D/bukXk2GR8YAAAAABJRU5ErkJggg==','2018-07-04 18:08:06','2018-07-04 18:08:06'),(4,1,'2018-07-04 18:08:35',3,1,1,'data:image/png;base64,iVBORw0KGgoAAAANSUhEUgAAAZAAAADICAYAAADGFbfiAAAgAElEQVR4Xu2dCdRVVfn/t6aCyCQqKIYikiECDhiDoiliJiWi4oCJc4giVigpKiUWIoY5AI4oiQzhkAqRRuBEAuKASIYoImhJmgNBRlrmb332+p/73/fwDuece+4Z7v0+a7GU993jZx/Oc/bez7DVl19++aWRiIAIiIAIiEBIAltJgYQkpuIiIAIiIAKWgBSIHgQREAEREIFIBKRAImFTJREQAREQASkQPQMiIAIiIAKRCEiBRMKmSiIgAiIgAlIgegZEQAREQAQiEZACiYRNlURABERABKRA9AyIgAiIgAhEIiAFEgmbKomACIiACEiB6BkQAREQARGIREAKJBI2VRIBERABEZAC0TMgAiIgAiIQiYAUSCRsqiQCIiACIiAFomdABERABEQgEgEpkEjYVEkEREAEREAKRM+ACIiACIhAJAJSIJGwqZIIiIAIiIAUiJ4BERABERCBSASkQCJhUyUREAEREAEpED0DIiACIiACkQhIgUTCpkoiIAIiIAJSIHoGREAEREAEIhGQAomETZVEQAREQASkQPQMiIAIiIAIRCIgBRIJmyqJgAiIgAhIgegZEAEREAERiERACiQSNlUSAREQARGQAtEzIAIiIAIiEImAFEgkbKokAiIgAiIgBaJnQAREQAREIBIBKZBI2FRJBERABERACkTPgAiIgAiIQCQCUiCRsKmSCIiACIiAFIieAREQAREQgUgEpEAiYVMlERABERABKRA9AyIgAiIgApEISIFEwqZKIiACIiACUiB6BkRABERABCIRkAKJhE2VREAEREAEpED0DIiACIiACEQiIAUSCZsqiYAIiIAISIHoGRABERABEYhEQAokEjZVEgEREAERkALRMyACIiACIhCJgBRIJGyqJAIiIAIiIAWSs2fgrrvuMhdccIE55JBDzIMPPmhat26dsxlouCIgApVCQAokRyv5r3/9y+ywww5FI96wYYNp1qxZjmahoYqACFQKASmQHK3kW2+9Zdq3b7/FiNevX2923XXXHM1EQxUBEagEAlIgOVrFzZs3m0aNGtU44o8//tjsuOOOOZqNhioCIpB3AlIgOVvBrbbaqtYRf/nllzmbjYYrAiKQZwJSIDlbvboUyI033miGDx+esxlpuCIgAnklIAWSs5Vr27atWbdunR31+PHjzWWXXVY0g7Vr15o999wzZ7PScEVABPJIQAokZ6v2zW9+0zz77LN21GPGjDH/+9//zKhRo4pmoaOsnC2qhisCOSUgBZKzhTv//PPNPffcY0c9YMAA6wvSsWNHs3LlysJMfvzjH5tx48blbGYargiIQN4ISIHkbMWuueYaM3r0aDvqc8891yqTL774wmyzzTZFM/n0009rtdjK2ZQ1XBEQgYwSkALJ6MLUNqxJkyaZiy++2P566NChZuLEifb/p02bZgYNGqSjrJytp4YrAnkmIAWSs9W78847zZAhQ4qOsLwpbL311sa9/1iwYIHp3bt3zmao4YqACOSFgBRIXlbq/41zwoQJ5pJLLrF/69Spk1mxYkVhBh988IFp1apV0Yy4ZK/L9Ddn09dwRUAEMkRACiRDixFkKHPnzjXf/e53bdE+ffqYP/zhD0XVTjvtNDNr1qzCzyjft2/fIE2rjAiIgAiEIiAFEgpXfIU3btxouBAnOOJVV11lGjZsGKhxFMa3vvUtW7ZHjx5m8eLFRfX++c9/miZNmmgXEoimComACJRCQAqkFHol1HUvw2fMmGEGDhwYqLUlS5aYnj172rLnnXeemTx58hb1rr/+ejNy5MjCz2fOnGnYmUhEQAREIE4CUiBx0gzR1ve///3Cyz+MAlm6dKnp3r277QlHwiuvvHKLXrn3+MpXvlL0czkXhlgcFRUBEQhEQAokEKb4Cx1xxBHmmWeesQ0/+uij5vjjjw/UyapVq0yHDh1s2boUz7333mt3KJ7ccMMNZsSIEYH6UCEREAERCEJACiQIpTKUcS2jnnjiCXPMMccE6mXZsmXmoIMOsmVnz55tjjvuuFrruX2QuRBv9aZNmwbqR4VEQAREoD4CUiD1ESrT792X+6JFiwr3GvV199hjj5n+/fvbYlhbnXLKKbVWcS22KKQQJ/XR1e9FQATCEJACCUMrxrKuAnn55ZfNgQceGKj1KVOm2BAmyNSpU7fwPvc3Qu5011KLtLjbb799oL5USAREQATqIiAFksLz4Y9d9eKLL5quXbsGGskvfvELu5NA7r77bkNwxbqEyL1E8PXkrLPOMr/61a8C9aVCIiACIiAFkrFn4C9/+Ytp06ZNYVTPP/+86datW6BRcmRFBF6ES3Eux+sTvyf6hg0bTLNmzeqrpt+LgAiIQJ0EtANJ4QG57rrrrPOgJ/hyuBZTdQ2JHQRHV0htZrz++i+88EKRgjrqqKPM/PnzU5i5uhQBEagkAlIgKazmkUceaZ5++ulCz8OGDTO33nproJEcfvjhZuHChbbsFVdcYcaOHRuonn8XQtysXXbZJVBdFRIBERCBmghIgaTwXBxwwAFm+fLlhZ7POOMMc//99wcayde+9jWzevVqW/amm24yP/zhDwPVw+cE3xNPevXqVVBEgRpQIREQARHwEZACSeGR8O8GunTpUqRQ6hpSgwYNzOeff26LENp98ODBgWfg7/ezzz4z2223XeD6KigCIiACLgEpkBSeh5rCqwcNNULwRUxxkTDWW5R3AzHy9+985zvmt7/9bQoE1KUIiEAlEJACSWEVS1Egbt3333/ftGzZMtQM/H0rX0gofCqcYwIc/e66666mcePGOZ5FtoYuBZLCevhf4mQSxDckiLh1Ocradtttg1QrlLn55pvNj370o8LfCcaINVce5e9//7s1JCDuF0KelAceeECOknlczDKN+ZNPPjFYPT7yyCPmrbfesqkQfv/735ept+prVgokhTX3KxCsobCKCiLuHUjQYy9/u/7+o7YTZLzlKPPf//7XnH766QV/GH8fChxZDur5aZOcODjZDh8+fItB87Fxzjnn5GcyGR+pFEjCC8TFtT95FGFMCGcSRNyXf9QXP4Eb582bV+juueeeM4Q8yYPUFKq+pnHfc889hZAveZiXxlg6gXXr1pkLLrhgix0GAUcvvfRSg+WhP81B6b1WdwtSIAmvP1/P/mOnoH4g//nPf0zz5s3tJTr+IF44+LBTqClrYVRlFLbvUstz5Ob6vgwaNMicfPLJZscddzSHHXZYUfNBQr2UOh7VT5cAO/f77ruvEN7HG823v/1tM2HCBNO+fft0B1jhvUuBpLDA/iMkLKGwiKpPXnrpJXPwwQfbYttss41BoUQV/xg2b94cOK1u1D5LrecPAeMPyfLee++Z3XffvaibP/7xj+bQQw8ttWvVzxABdqFciHNUyU7Tk9tuu82cffbZugNLcK2kQBKE7XXlf3n/6U9/Mvvtt1+9I/Gnqi1l14AFFxYpnnABPWfOnHrHkGYBYn+NHz/eDoEL0Xbt2m0xnLVr15q99tqr6OeKQJzmqsXX95o1a2zytddff93ecZCEjbA8/fr1M3vuuWd8HamlwASkQAKjiq+gX4FwpIR/R33So0cPQ+BFT0pRILSRp8t09+6jPkua3/3ud0U7Oo79PvroI4O1myRfBHjGSeP8y1/+0lrYkUyNdNB9+vTR8VQGllIKJIVF2HvvvQ1fU55gwhvk5Rb3C9/NLcJYNm7caJo0aZICkfq75Jyb4wmEy9I99tijzkoDBgwwDz/8cKHMRRddZCZNmlR/RyqRCQKbNm2yd13Tpk0z7777rmE9SWOAAtFFeCaWyA5CCiSFteDOw0tFSygRLLOCSNwKxL8LIcjjk08+GWQoiZfhuOrtt982QcfInU6jRo2KxvnnP//Z7LvvvomPXR0GJ0B655EjR5pXXnnF7pAxuyWfjf9YMniLKllOAlIg5aRbS9v+c/qgR1HlUCAoMjecSdCxJImNy/GvfvWrhrERjoXjiyDyxhtvmK9//etFRfmylSdyEHrJlfnb3/5mj6hIloYQbJTo1H6ruuRGpJ6CEpACCUoqxnJc6rp3HkGOjnh5+o+54njZ+016sfTimCBLcskll1iTTHYP5DYJcl/kjZ+Ixa5DGTsZLuAl6RPgMpy1efzxx+1gsKoiwyYm2ZJ8EJACSWmd3N3EO++8U5ShsKYhEbbDH/cqDgVCXyeccIK1bkHqu6BOA5fH6swzz7Q2/2HFv3MjRzwGCZLSCWDc8NprrxnMpa+++mrz8ccfFxpt3bq1NbPFJ8MT/KDwX0JxvPrqq9b6kLsq/06x9JGphSQISIEkQbmGPtyX2uzZswt3IrUNhzzm/hAMcSkQ4gW1aNGi0HVc7caBlhhGJ554om2KF1XHjh1DN8ule9u2bYvqZWmOoSeUcoV//OMf1oz29ttvNygEPoDqE3w0OIr8+c9/bn11yGODE2irVq3qq6rfZ5iAFEhKi+MqkO9973vW2qQu8S6RvTJHH310UTiSUqfhhonHSQtLsSwIDpNeoMlSXvocjbhOZ5iE4sEuCU4AhYE1W1Rp06aNDWrYtWvXqE2oXsYISIGktCBhL8T95fmH2L9//9hGTywu7x/2z372M3sckQXx5j1w4EAzY8aMyEMq1x1S5AHlqCI7v06dOtU64m7dutkICcRT4//JmjlkyBAzc+ZMaxruCtGgf/CDH+Ro9hpqXQSkQFJ6PvwBDev6uq4pfhY/i9sePo5AjXHidI+vMOvcf//9S2r+rrvussH2PCGNMOmEJbUTwKz22GOP3aKAdwRFIFDvuSHBGXcgfIBwPMUuGV8j/u5KOZ5drWE6BKRA0uFuswl+4xvfKPTOJfnOO+9c42j4kiN8uSulHOfUNmW+8DlOQ7CQSftik/hgeJUjcc037M4vpccj9W4xrR01apSZPHlyYSzsLDBA2GmnnQo/w4eJO7xbbrnF3uOh5NmtYHbtCZ7jbjuY7Lo5aVKfrAYQmYAUSGR0pVd0X2Y/+clPzOjRo2tsFCcqfEc84XiA8+hyCJfUK1euNNdcc4356U9/Wo4uArdZjh0RJqN9+/YtjIHkQlieSf4/AUylOYpyhRA67s/wsUFxoFCICkC4dFdpuHW5w+IuyxOOukghIMk/ASmQFNeQUA2EJ/ekpq/sms7u//rXvxpMJMshc+fOtZn9CFI3f/78cnQRuE1PgfDicmOABW6gloLahdROkGM9zKU94e5p4sSJ1koP66vHHnvMmt3ijIkixqkziCXVueeea4+zENIZsHOpKbVzqWur+skSkAJJlndRb/7w48uXLzddunQpKlNO893apt6zZ0+zZMkSU9N4ksLl3vvEffHqvxR+6KGHzEknnZTU1DLZD/4c3Mu5Hw1Tp061dxmE0ecIasGCBdZfCcfOsH40y5YtK3JQZZfboUOHTLLQoIITkAIJzqosJd2vMPJW4JDliv8rjaMrjrDKKXfccYe58MIL7b3L9OnTy9lVrW0T4r5z58729yQNIu1vnMJxIcd0nsR1xxLnGJNsix2nGwcNx9J///vfBsOD9evX27sxdiYokKjiPss4r/7mN7+J2pTqZYSAFEjKC0GEUS8GEEPhS9D7h8YZMzkPXCGJlHueXI7hEy+qadOmtmleHm7ekHL0V1ObfPFy+YqU6+XuvtCeeuopc8QRRyQ1vUz1g2+He6fGhwM8uHu77rrrbDDDOERHh3FQzFYbUiAprwehqt3Q5Hhdc8ZcU2IkzCk9q6RyDxvFhQJLy2KGuWJCWk4F8uyzzxZejhgPcLRVbYJH+eDBg4umjfEEUQ/iTtLkt8Zih9OgQYNqQ15R85UCycByBr1MRNnUZukS9zS4A+EuxL8riruf2trDZBSPeEydSShULrn88sttED+k2nYhixYtKkr3y90GysMNaxMnd4JYujnKMRvnkl6SXwJSIBlYO3YcJMypS0jliqlkUuJaf82bN886hSUpnlIlmi5Oa+USTEyJ/sqxHdF+yRlS6YJCJqwL9xue/PrXvzannnpq2afufixhwUV4fkl+CUiBZGTtPMunmobDPcm4ceMSH+l5551nE/oQ4gTHx6TEDXcfhwd6feNm59G7d29bLAkjhfrGU47fY4iAKTTribJctWqVta5C2IVdf/315eh2izZ1D5II5sQ6kQJJDHX9HY0ZM8Z6/7qXxsSoIlxEGoI38m677Wa7/vzzz639fhKycOFCc/jhh9uuynWB7s6DPrAKwscBQVlWSsA/zGe5N+O/WFARPw1HwREjRti54vMzZ86cJJbV9iEFkhjqRDqSAkkEc3478f7BE6qCM/Ik5Nprr7Vn8SS2IsFVEsJ9C/cunuQ5XhNhcdasWWPwb0HxkwYYSyqO6vC89/Jz4IxKqPtyW/W56ycFksTTnFwfUiDJsc5lTwQf9M7Kk9gNuF+p5PAgD3pS4poOX3HFFYZIAXkSdozMgSyTxKvCU5yETZ5wac5dFkeECP/dfvvtE53iPvvsY958881Cn0k9U4lOsoo6kwKposWOMlXCVzRv3txWTconxPtK5UjPDfUSZfxh67hfyEQK8I7wwraTVHmi33744Yf2Mpqjv5EjR9qkW/7jxvfff7/gz0PQTkyYMRpIWvwOi1IgSa9AvP1JgcTLsyJb816qQ4cOtXGRyikoKS/OVxqBDl0PeOaZxRccx1LsMsjux7Eb/hokAKsterI/HQB3Htx9pCE8Q2QnRLjb445Pkl8CUiD5XbvERu4GfSz3CxUFNWzYMDu3zZs3m4YNGyY2T6+j0047zcyaNcv+NQmlGXSCKFd8Jwjr8umnn1ofGRI51SfsojjeQpgb6QHSEvdZuvjii82ECRPSGor6jYGAFEgMECu9Cb54PY9hLmcJcVEuYffBizLNr3/32I5x8HcvtEu55l1bu1yIc2ewYsUKG6uKsP/wb9SoUaChcHnOcZUnKJ6gdQN1ELIQCsMzxiCEz2WXXRayBRXPEgEpkCytRobH4h1jkUecfOLlknLkAIkyVoJaHnbYYYWq5d55+cdIyH485DmqIkYXl8/du3cPNRVybvTq1atQh/SyTZo0CdVG3IVvvfXWQkpbdpvs8CT5JSAFkt+1S3TkbrbCcr5Ms6JAgEsQSS6fEcLqn3XWWWVlTiwu7gTwhse8ltzhHFFFSV3sv/fA9yPIcVdZJ2iMveT3nBbTcpAt9xyrqX0pkGpa7RLm6oY24UWHpU/cQnA9z6wUhzdyoqcp7tEd49iwYYNp1qxZrEMivhlOfiho7nwI6d+vX7+Sc2XgCOldUGfpspr86BzDIQRXdMOpxApWjSVCQAokEcyV0QmpXzEXJS/EfffdF/uk3Oi4aUUB9k8KL25ysyNxxspih4EVFTGo8NcgRzgv/Ti8/f3Jm5JIARD0YcACyzu24nnC0k6SXwJSIPldu8RHztGK55jm5i2JayBe7C3aI+e26xkeVx9R2iGZEjsEBAVKEMAo8vrrr9uwIQTGxCiBIzGOdOK+1HaPAf25zKOMO846XrIy2sQfBSMBSX4JSIHkd+1SGbn3ciKbHPGj4hTMU3GKQ7IUSoT83a45cZg7IKL9kpKX4zgutUkRy9GNe0EfJ8Mbb7yxYNlEhOcHH3wwzuZLbot4YxxPehKGZcmdq4HYCUiBxI60shsk1SmKgwtZLmbjlCxdoPvnhVWUl4uFXQOZ+uoS/EimTJlij2jIgUFI+nJbHBFxt1WrVoVhZTFhE3cehMeRAonzX056bUmBpMc+lz27l+kcP3AMEZdkWYEwRwI8EugR4TjPDQXCPcP8+fPt3ZDnhMgZP3nXvcRccXGqrR2SM3Gngrz66quFnPLl7jdM+2effXbR/Zl2IGHoZa+sFEj21iTzI+Jrmui8XAJfddVVsY3XUyDcsxBSJGvCy65z58429S2GBCRleuedd8ydd95ZyGqIQsUAgJd5klFu586dWwhPQm6TBQsWZA2fHQ9WduyMEJwIcSaU5JeAFEh+1y61kRMWo1OnTjacBn+23nrrksfCi9jLwc1XPnlRsih4pRNzCv8QLr+9yLZciGOiSs6NpIXEUF6/OAqSLCqrQSDdXSYpbtu1a5c0LvUXIwEpkBhhVlNTF154ocGihmMbIqyWKuT98BzdeCHuvvvupTYZa30uw7kAZseFNZUn3AkRmDCKs19cA2zZsmXBmonjs1NOOSWupmNtBws2jvU80fFVrHhTaUwKJBXs+e/U9Y+I40VAfCQvsB7hO3bYYYfUITEvlAZB/7hE9wSz3unTpxf+nqafBXcu3Ctk/aWM2berZEePHl1wKEx9oTWAyASkQCKjU0XvOGLJkiWh4zT56bkRcONQSKWsDh7ovJgHDx5caObEE0+0F+ieH4wb9h0nQO49khZ/0EeUHV7sWRQ3Bhbjy6KFWBa5ZX1MUiBZX6EMj49LUPwOkFJf+mTQIzkS6VYff/zxxGfN+DmOOv300wuXvAxi+PDhhTn6B0U4dfKnI3FbpAUBgDLDGizruw/3fouxLl682PTo0SPIFFUm4wSkQDK+QFke3qZNmwphzh9++GHDV3oU4SLaO7IibzeKJCl56qmnzIgRI4pyrxO6BG/xDh061DkMd/5YXHGUlZQQlwtWnhAGplzOiaXOyb04574Ib3xJZRCQAqmMdUxtFu4uJGp4E9c7+aSTTjIPPfRQWeezfPlyqzS41PWE3QQmpeTPCCOubwjjZvxJCAqLi/2s7z7GjRtnyC/vyUcffWRatGiRBCL1kQABKZAEIFdyF27EWryMCdMRVqgzefJkW61cIb5Xr15tHQG9mFb0hU/C/fffb3dO7ldy2PG7ddmVNG7cOGwTocpjBeY6MXL0dvzxx4dqI4nCJMHq0qVLoatnnnnGHH744Ul0rT4SIiAFkhDoSu5myJAh1pkOibILcV/AJFFidxCXkMUPxUGCKE8YL3c3cQUx5MVI0ieEpE8YFZRT/Mqu1PuncozVjVhA+926dTMEdpRUFgEpkMpaz1Rm4yYv4uV8++23hxqH+0KMI3ETkXxx7HNf5OQvIZHRcccdF2psQQvjyIf/CkI4kVNPPTVo1VDlnn76aXPkkUcW6mQl7L1/EtxpeU6W/K4cuVRCgVPhshCQAikL1uprFLt+4j4hYXOIuwpk6dKlhvuIsPLee+/Z0CJesiLqc3yC0jj22GPDNhe6PJ7pZDD05O233zZt27YN3U59FfKw+7j00kuLzJqzkg2xPrb6fXgCUiDhmalGDQRw/vPybXM8hPlrEOFF64azwOQzaDgQdj5EuyW6q+voh1Mi/XuhUYKMI44yHNF45qlYG82ePbukuxX/mLAYI86VJyhLFHeWBKfLSZMmFYZEeJerr746S0PUWGIkIAUSI8xqb2rs2LHmyiuvtBiCnsvfdNNNRcqGtK5u7o2amPJFy12Ja61F+A5eVAQ7TFPY8RDuHeEojyO9uCTruw9C3LvBNfkwIN6VpHIJSIFU7tomPjN2AbzAsUQiLEmQl+cee+xhyAvuSW2Kh59z3o9ZqJfFjjwb/D2q/0k5ABFc0rXCWrlyZb3+JEHGwd3QOeecUyhK9F1S4WZBWBtiXBEXzZWgHxFZmIPGEI2AFEg0bqpVCwHCf9x99932t0GyCtb3VU3IEPwIeGEiWE7xlcvP4ogCXI6F5PLezQGycePGwvFelP7c40HqE1MKtlkQIv/6HS6PPvpoM2/evCwMT2MoMwEpkDIDrrbmXdv/IGlv/QoEM+BXXnnFUJd8I56gmLjb8GJRZZ2rm9+dLIGEwI8q+Ma4eTMwGMhCuPapU6daazdXMOd2Y4hFnbPq5YOAFEg+1ilXowyaWdDvK7DtttvaL3UvlAmhOTiiwocgzXDpUeG7HGbOnGkIGBlW3HAp1CUS8LRp08I2E2t5juk4PiN8iiv+LI2xdqrGMklACiSTy5LvQbmh2euy/1+4cOEWnsn77LOPueiii+z9SYMGDXINgkv+k08+uTAHPMhJRhVGMI12La0+/PBDQ+DJNITdIceT/rstIglw55X39UqDad77lALJ+wpmcPxuhryuXbsWItZ6Q+VOgNAlWE1hdeVJVvN4l4K4T58+Rellw/iHcFTlJtbi5X3++eeXMpzIdVknPPrdozTMpDlubN68eeR2VTHfBKRA8r1+mR19TcdY+Gxw/MIfsuh98MEHReOvRKsdAh76c6MHdawbNGhQ0XFVWnxYN8Lsu/Lcc8+ZQw45JLPPnwaWDAEpkGQ4V10vBPfDkQ7hq5kMhnhr4xV+xhln2FAfrpLJkmVR3IvlBpyk7e22284e+dR32ezywaDA9bGIe4w1tceRFWs3ZcqUwq8J20+4ex1XJbEC2e9DCiT7a5S7EZJtjqMON6zILbfcYpM17bzzznY+fg90XlJuatbcTbqeAbN7OOGEE6xS9XYSdXlpjxo1qsgKLcm0uRxXoaxw8vSEAJcYNJQStbjS1lTzMUYKRE9BLATw11i2bJkNJIj3MZfnxMRCmSCkiD3zzDMLffm9ljFzxdy10oV7nzFjxhSmSVIouLlhV7gjatasWaEM9yBeoMZy8/EfV7EzfOmll8z+++9f7q7Vfg4JSIHkcNGyMmQc3KZPn27ICe5dhmOKO3ToUPv1ilI56KCDCpn6MM/1sui5X7IHHHCAfYlWi2BA4M+bwmU7zpGEhmdn4orLrVyM2OFw5zJr1qxCFwRFJDSL/w6nXGNQu/kjIAWSvzVLdcSYkXIO7jflRDEQDZeQFl56WgZKhj/PX+Coo46y4S7c/BmUIRQJbVaT4Kl9zDHH1DvlJIIRPvLII1uEg8mKs2K9gFQgVQJSIKniz0fn5HW49957bbh2UpK6grMfMaoOPvjgGifjD3NOsEWOr1whtpV3N5IPIvGMcu3atWavvfaqtTF4YzpbLlmzZo3Ze++9i5q/+eabzbBhwzIbJqZcLNRuNAJSING4VUUtdg7ENcKKyC8E9uOit64XoFeHPOGEJqlJSg3zUQkLwe5rwIABdhx5xrEAAActSURBVCqEgycUPKFQ3Pwicc8TJTFx4sSiZgmG2bp167i7UnsVTEAKpIIXN8rUuETFWsh18HPb4cXD/UaY0CKcr2O6WpOwuyE3uSQZAjUdnXGHxS5SIgJhCUiBhCVWgeWx97/88svN+PHja50dX8n9+/ePfLTx2muvmU6dOhW1rzSnyT1MKHHCxHBs5kq1Hh8mR76ye5ICqez1rXN2jz76qN1t1CYHHnig4YI1zsx+vLDYvbRo0aKKySc39c8++8w6LBI515Us5RNJjoZ6ipuAFEjcRDPeHi+Ufv361ZmvgZ0G5rnk3pDkkwARcwcOHGjmzJlTNAECXeLUKRGBOAhIgcRBMeNt1BQIr6YhP/DAA0XRYzM+LQ2vBgI4cXIhT5BDV0j5iyWda2ItgCJQKgEpkFIJZrg+LxN8L9atW1frKHHiw9qKPBySfBIgOyFWbsQX8wtm04SUUeyqfK5t1kctBZL1FQoxPi7Dly5dar80vbSytVVftGhRUdrVEN2oaAYIEE9r8eLFNiwKgSpdwXOc2GLEHstq2t8MINQQYiAgBRIDxLSb+OSTT6xprT8ERk1fo3yR6hgj7RWL1j/3Vy+++KKN5OuGHPFaIzwK4UfCJq2KNhrVEgEFU8ztM8DLZMGCBeaOO+7Y4qLUnVSvXr3MbbfdZjp37pzbuVb7wGfMmGF3lv7Lb3xrbrjhBpvmtho9+av9ucjC/LUDycIqBBzDypUrbWRUfDK4JPXb9HvNeIH5uP+Q5I/A6tWrbcgYlMa1115riD+GcDRFZABCq/fs2dM0bNgwf5PTiCuKgBRIBpeTuwwi2ZJDe+zYsVtY1NQ05I4dO9rIqYTBUM6GDC5qHUPiQwCDBz4KyPSH781uu+1munfvbtq2bWvNrtu3b2/atGmTr4lptBVPQAokI0s8evRoG6wwjOy7777Wgxy/DTd/RJg2VDZZAniEv/zyywZHvieffNIqDXw2ED4CunXrZs1widSrMOrJro16C09ACiQ8s1hrcI/BkVMY6du3r80nwVepPzxImHZUtnwECIfOMRTKYebMmQav/3fffbeQjZCeyZ3CjpFEWzwDjRs3Lt+A1LIIlIGAFEgZoIZpcpdddimccYep55UlJAgJh+oSlAxxkLC+wru8adOm9vy8d+/e1mIHR0Mi7hIZd9OmTYZEUbzcOArDXPSLL76w4UzqCnpIJFcCIxKmhLr4HZCNkLZbtmxpOJbjLJ+dEj4naVmCYXzAOBgbHHjJv/DCC3acmLwyX8bKTsH9g68FjGBDmTfffNM88cQToZaM0DCEFWnXrp0No+4PpR6qMRUWgQwQkAJJeRF4ifHSjiIkceKl58/REaUt6qBMVq1aFbV6rfUYJ8cznO97CobCKBnmzgu7NkHhkBrXExQPX/VYIKGY+DvtoBj5gkfJ8YeX//PPP29/jvJDQWDufOihh1rrNXKy0zZKEsWAUiNOV11jCQqGPsiPgoJGWey33366lwoKT+VyRUAKJOXlwqaf+ESeYGVDyHRyhKMc2DnwRc+LsEuXLvWOli/rFStW2HK8RPlaXr9+vSGx0xtvvGG/vHlZ8pLlhbvTTjvZnQO7GHYlHLOwq6E8L25evHy1U456vGxRAuxKaNtri/Z4kdMG7fJzfo+C4CXKXLAuIscF/8/LnLFQhj984TNe+mI8/OElz8veVSBw4Hf0hQKhL48P/8/vvTGQW4O5MHYi/7LDIn8JY/d2ILSDEpeIgAiEJyAFEp6ZaoiACIiACBg5EuohEAEREAERiEhAO5CI4FRNBERABKqdgBRItT8Bmr8IiIAIRCQgBRIRnKqJgAiIQLUTkAKp9idA8xcBERCBiASkQCKCUzUREAERqHYCUiDV/gRo/iIgAiIQkYAUSERwqiYCIiAC1U5ACqTanwDNXwREQAQiEpACiQhO1URABESg2glIgVT7E6D5i4AIiEBEAlIgEcGpmgiIgAhUOwEpkGp/AjR/ERABEYhIQAokIjhVEwEREIFqJyAFUu1PgOYvAiIgAhEJSIFEBKdqIiACIlDtBKRAqv0J0PxFQAREICIBKZCI4FRNBERABKqdgBRItT8Bmr8IiIAIRCQgBRIRnKqJgAiIQLUTkAKp9idA8xcBERCBiASkQCKCUzUREAERqHYCUiDV/gRo/iIgAiIQkYAUSERwqiYCIiAC1U5ACqTanwDNXwREQAQiEpACiQhO1URABESg2glIgVT7E6D5i4AIiEBEAlIgEcGpmgiIgAhUOwEpkGp/AjR/ERABEYhIQAokIjhVEwEREIFqJyAFUu1PgOYvAiIgAhEJSIFEBKdqIiACIlDtBKRAqv0J0PxFQAREICIBKZCI4FRNBERABKqdgBRItT8Bmr8IiIAIRCQgBRIRnKqJgAiIQLUTkAKp9idA8xcBERCBiASkQCKCUzUREAERqHYCUiDV/gRo/iIgAiIQkcD/AdZ6Fqgu+MaCAAAAAElFTkSuQmCC','2018-07-04 18:08:35','2018-07-04 18:08:35'),(5,2,'2018-07-04 18:09:01',3,1,1,'data:image/png;base64,iVBORw0KGgoAAAANSUhEUgAAAZAAAADICAYAAADGFbfiAAAgAElEQVR4Xu2dCdhV0xrHX0oqVBp0NShDI5kqJUMaDKUirpRKKEOSRoq4cmlWKoSoVAqV3Is0qXBD6prHEkpzKDIU6Xaf/2If6+zvnO87Z++1p7P/7/PcJ7f2Xutdv7XPfvda6x0O2L9//36hkAAJkAAJkECWBA6gAcmSGC8nARIgARJQBGhA+CCQAAmQAAk4IkAD4ggbbyIBEiABEqAB4TNAAiRAAiTgiAANiCNsvIkESIAESIAGhM8ACZAACZCAIwI0II6w8SYSIAESIAEaED4DJEACJEACjgjQgDjCxptIgARIgARoQPgMkAAJkAAJOCJAA+IIG28iARIgARKgAeEzQAIkQAIk4IgADYgjbLyJBEiABEiABoTPAAmQAAmQgCMCNCCOsPEmEiABEiABGhA+AyRAAiRAAo4I0IA4wsabSIAESIAEaED4DJAACZAACTgiQAPiCBtvIgESIIHwE3jzzTdl1apV0rFjRylTpoxxhWlAjCNlgyRAAiQQPIFnnnlG2rdvrxQZNWqU9O/f37hSNCDGkbJBEiABEgiOwP79+6VFixaycOHChBKLFy+W5s2bG1eKBsQ4UjZIAiRAAsEQgPE466yz5PXXX08o8O6778rJJ5/siUI0IJ5gZaMkQAIk4C+Bffv2SeHChZM6/eqrr6Rq1aqeKUID4hlaNkwCJEAC/hDAyuPAAw9MdNawYUPBAbrXQgPiNWG2TwIkQAIeEti7d6+ULFlSdu/erXq5+uqrZfLkyR72+FfTNCC+YGYnJEACJGCewObNm6VixYqJhqdOnSpXXnml+Y7StEgD4htqdkQCJEAC5gh8/fXX6nB8586dqlGvPK3y05gGxNx8siUSIAES8IXAF198Idddd50sXbpU9bdu3TqpUqWKL33rndCA+I6cHZIACZCAcwIrV66UBg0aqAYaN24sM2fOlAoVKjhv0MWdNCAu4PFWEiABEvCTwPr16xNuudi+WrZsmZQqVcpPFZL6ogEJDD07JgESIIHMCeCM47zzzlM3HHnkkfLxxx/L4YcfnnkDHlxJA+IBVDZJAiRAAiYJPPHEE8o9F4KcVsOHD5dChQqZ7MJRWzQgjrDxJhIgARLwh8CECROkR48eqrM+ffrImDFj/Ok4g15oQDKAxEtIgARIIAgCN998szzwwAOqa5x3nHPOOUGokbZPGpBQTQeVIQESIIE/CNxxxx0yZMgQ9d9w2z3mmGNCh4YGJHRTQoVIgATiTqB3794ybtw4hWHNmjVSrVq1UCKhAQnltFApEiCBuBJA9UDEdkC2bt0q5cuXDy0KGpDQTg0VIwESiBuB0aNHJyoHep2K3QRbGhATFNkGCZAACbgkYLnqIkDwpZdeUrEeYRcakLDPEPUjARLIeQKPP/64dO/eXdq2bSvIqFusWLFIjJkGJBLTRCVJgARylQDcdOGu26tXLxkxYoQcfPDBkRkqDUhkpoqKkgAJ5BqBp556Sq644gpp3ry5TJs2LRLbVvoc0IDk2hPJ8ZAACUSCwP333y99+/ZVadmxCilSpEgk9KYBidw0UeE4Efjggw/kpJNOyjPkzz//XI477rg4ocjZsWK7avz48fLPf/5T7rzzzsiOkyuQyE4dFc9FAosWLZLzzz8/7dCaNWsmzzzzjJQpUyYXhx+LMWHVgdVHp06dZPr06ZEeMw1IpKePyucSARiG9u3bZzSkiy++WGVkrVGjRkbX86JwELj++utl4sSJ0rJlS5k3b144lHKhBQ2IC3i8lQRMEUBpUqwudNmwYYNUqlRJ/dUrr7wiTZo0ydNdz549pV+/foGUMzU19ri007VrV5k8ebJaYS5YsCAnhk0DkhPTyEFEmcDatWvz5DpKl8JixYoVcsstt8jy5cuThnzYYYfJW2+9JbVq1YoyipzV3dq2wp+INs8VoQHJlZnkOCJJYPfu3VK8ePEk3Xfu3FlgmdJPPvlEBg8eLLNnz066t27dumq1cuihh0aSRy4qffnll8usWbOkfv36gnrmuSQ0ILk0mxxL5Ai0adNGXnjhhYTen376qdSsWTPjcaBGdosWLQT36XL77bcnUoFn3BgvNE7ASsl+6aWXypw5c4y3H3SDNCBBzwD7jy0BrDRKly6dGP/AgQNl2LBhjnigPvYJJ5yQdC9yKW3evNlRe7zJPYEZM2YoT6tcOvOwU6EBcf+csAUScEQABYKQcdWS/fv3O2rHumnfvn0yatQoue2225La2bRpk1SoUMFV27w5OwIPP/yw3Hjjjcrb6sUXX5QDDjgguwYicjUNSEQmimrmHgH9pTJ37lyVSM+EbNmyJY/BiEJqcBNjD0Mbr7/+upx55pnKoeG9996LZIR5phxpQDIlxetIwCCB999/X5C229Tqw64avLiOPvpo2bNnT+KfNm7cKBUrVjQ4CjaViju2DnEuhZTsuS40ILk+wxxfKAlgXxxR55CDDjpIfvvtN0/0HDt2rPTp0yfRNs5Kateu7UlfcW/0hx9+kAYNGigPumXLlkUmJbubeaMBcUOP95KAQwL69hXOLIYOHeqwpYJvGzlypAwYMEBdWLRoUeUNdOGFFxZ8I6/ImMCvv/4qrVq1UoYDOcuw+ouD0IDEYZY5xtAR0A2IH+cTSBs+aNCgxKF9u3btBF5ChQsXDh2bqCkE5wVkBIA7Ns484pSnjAYkak8r9c0JAroBwQvowAMP9HxcH374oZx44omJfrDVgrOSKBUw8hySgw5QQRAeV6tXr06knnHQTCRvoQGJ5LRR6SgT2Lt3b5Jnjlv33WxY/PLLL+qA97XXXkvcli5tSjbtxvVa5LTq0aOHvPzyy7HZttLnmgYkrk8+xx0YgZ9//jkp1YifBsQaNM5csKVlyfbt26VcuXKBMYlix//5z39UoOCQIUPUn3EUGpA4zjrHHCgBBPZZWXahSBAGBP2+8cYbcsYZZyRY/P7771KoUKFA2USlc+QiQ24rGGIUh4qr0IDEdeY57sAI2CsOBmVAAAC5tKpWrapYwHjAiFDyJwB3XXhZdenSRcaMGZOzUeaZPAc0IJlQ4jUkYJAAAvoqV66caDFIAwIl9FokiKJu1KiRwdHmXlNYeWC7D5mQDznkkNwbYBYjogHJAhYvJQETBJA5Vw/mC9qAYEyIC7Eip7mVlXqW4fyA1OyYvyVLljC/mIjQgJh4I7ANEsiCwLfffpt0YB0GA/K///0vcf6BbRk9ej2LoeXspXC1xsoMrtDwWitRokTOjjWbgdGAZEOL15KAAQI//fSToIKgJUhjgnQmQQuKHuELG7Jr164kHYPWLej+cVA+fvx45f581llnBa1OaPqnAQnNVFCROBHQAwlnzpwpHTp0CMXwkWwRNUQmTJgg3bt3D4VOQSsxfPhwlSJ/8eLF0rx586DVCVX/NCChmg4qExcC9voQYdjGAnuUw23SpImaBr8i5MM852+++abauvI6X1mYGeSnGw1IVGeOekeaQL9+/ZQLqCVIux6GlCIwZFZalYkTJ8q1114bac5ulLdS7udyRUE3fHAvDYhbgryfBBwQQPZWZMa1BNUJv/jiCwctmb9lypQpcs0116iGw7IyMj/K/Fv8/vvv5fDDDxeWBc6fEw2I308m+yOBPwkgFgQxIZZ89913STXSgwKlr0Kef/55ad26dVCqBNIvxl++fHn55ptvBA4PcY/14BZWII8hOyWB/AnAYJQtWzbporB88d93331yyy23xHIVcvrpp8uKFStUXY/jjjuOj3E+BLgC4eNBAgESePDBB1UtCUumT58eisR8P/74YyLWAQfJDRs2DJCSf11bHldwJmjcuLF/HUe0JxqQiE4c1c4dAtdff73gwNqSHTt2qP33oAVbN0j/jrOa3bt3B62O5/3Dnbpjx44ybNgwGThwoOf95UIHNCC5MIscQ+QJlCxZUgXvQapUqSLr1q0LfEyodYHaIRAYkmLFigWuk1cKgDcSJNarV09WrVrlVTc51y4NSM5NKQcURQL6lhHcaFEetWXLloEPxYpXeeSRRwQrpVwU5LjCKgvpXJgHLLsZpgHJjhevJgHPCKBAUZs2bQQupBDkzAq6vrYe8BiWA37TE3DRRRcJvM2wCsHqj5I5ARqQzFnxShLwnAC+9K0UInXq1BHUDglS7r77bhk8eLBSIRcNiJX/69///rcy3pTsCNCAZMeLV5OA5wT0r/6go8H1zME4SNeDHz0H4XEHr776qpxzzjkSFs83j4frSfM0IJ5gZaMk4JzAl19+Kccee2yigaC3siyDlktf6du2bZO//e1vcuKJJwpSllCcEaABccaNd5GApwT0rSO8wHHAG5RYBqRbt27y2GOPBaWG0X6Rtn7ZsmWyYcOGUOQgMzo4HxujAfERNrsigWwI6FtZZ555puCQPQhB3yh1G6QOJseNXF833XSTfPbZZ0mlhU32EZe2aEDiMtMcZ+QIfPXVV4Iki5YEFeA2atQoufXWWyXolZCJCYTRQE3zxx9/PFE8y0S7cW2DBiSuM89xR4LAyJEjZcCAAQldg0grglrpqJkOibInFuI9kJ4Eua5Gjx4difkPu5I0IGGfIeoXewINGjSQlStXJji8/PLL0qxZM9+4fP3114n4iCgbkHvuuUfWrl0rcJXO5ah63x4M1gPxEzX7IgFnBPDlXKRIkaSb/TQiOMAvVKiQ6j+q6c2fffZZeeqppwRZhqtWrepsInhXHgJcgfChIIGIEDjllFPkvffeS2g7d+5cadu2rS/aWwf6H3/8sdSuXduXPk11gtxWPXr0UAkSL7nkElPNsh2uQPgMkEC0CBx//PHyySefJJSeMGFCInLdy5EgOzBSrCDBIkq8RkV++OEHFUmPzML33ntvVNSOjJ5cgURmqqgoCfxBwPKKsnig8BMO270UlLiF++vkyZPl6quv9rIro20j+PHhhx9Who9ingANiHmmbJEEPCewaNGipJXAeeedJwsXLvSs36FDh8qgQYOkV69eMnbsWM/6MdkwikJdeeWVsmbNmpxKwWKSkdu2aEDcEuT9JBAQAauGhdU9zkOefvrpPAfuJtQbP368Mh4o8YpSr2EX6Fi9enV566235LTTTgu7upHVjwYkslNHxUlAZN++fdK5c2flYQRBUSTU8z7iiCOM4tFXPFFw5UUuscsuu0xQopbiHQEaEO/YsmUS8I1A7969Zdy4cao/FKTC6qRy5crG+n/nnXekbt26qr2wGxB4XO3cuVOmTp0qBx10kDEGbCgvARqQLJ4KVIl75plnpHz58tK6dWv1J5b0fEizgMhLPSOAVCe33357ov0lS5ZI06ZNjfSnp1XZs2dPaBMQzpgxQzp16qTK0qI8LcVbAjQgGfC9884707oAIsAK2wi6wM0RB401a9bMoHVeQgLmCCxdujQpSh0rk/vvv991B3rJXZwv4MMpbILgynPPPVcFC/br1y9s6uWkPjQg+Uwrivm4rQONtNFwfSxevHhOPkAcVPgIzJkzR+3/W1KyZElBjZHSpUs7VhYfSYULF1b3v/jii4ncWI4bNHzjzz//LIceeqgybAh2tEfuG+6Ozf1JgAYkxaNgFZsx+ZTMnz9fLrjgApNNsi0SSEtAryRoXeQmESPOPXC2AkEuKbcfVianDulVSpUqpXYCsFKCIaH4Q4AGxMZZTxyXagquuuoqtTWF+gioaLZ+/XqBh0omMnPmTOnQoUMml/IaEnBNYMuWLVKhQoWkdlDTY/HixY7iIqx0JnDp7dmzp2v9TDVw4403qmBBFIhCiVqKfwRoQDTW+leWPgXNmzcXrCCsJXxB07N161Z1ePnpp5/muRSpFUqUKFFQE/x3EjBG4LrrrstTSRDFqWBMMhV9C2vEiBGqPkgYBMGTWNnD8+rBBx8Mg0qx0oEGRJtuVCl76KGHkh6ADz/8UE444QRHD8WOHTtU7QFEwlrSp08fGTNmjKP2eBMJOCXw9ttv5/FKwmoa53yZeBH+8ssvKp8UBO6xiPAOWqzdAuj/22+/Ba1OLPunAflz2rF3ii0p/FAsQfWyGjVquH4w9NKkjRo1UttfFBLwmwDSsiOP1bRp05K6fu655+Tiiy/OVx18BFm/hf/+97+JmBC/x2D1Zx2a4/+7+cgLSv9c6ZcG5M+ZRNU3PSEdlsNYFpsQ3YDgBwyvLAoJBEUA53ZnnHGGbNq0KaFCu3bt1MqiaNGiKdV68sknVcQ7JAw1QeAqj7NHbKVhS40SDAEaEBFBYJReoQwV4JAOwpTAfRKRsRD6qJuiynbcEkCmWvvKY/r06XLFFVckPK6sPv7+978LijJBsJLRP4rc6pHt/Qjmbd++vboNKxG6yGdL0Nz1NCAiaj8XPxxLXn31VTn77LONUS5TpozgPAQSNg8WY4NkQ5ElgFTnLVq0SFqNIHhWP/s75phjBNHokCBTmaAkbbVq1ZQe33zzjZQtWzay3HNB8dgbkM2bN0vFihWT5tL0DwReXEgrAUG6CVRGo5BAmAjgSx7ZdpHNF/9tf1b1FYfp30emHHQvSTiiwCGFEiyB2BsQ+1IcEbvIaGpSEB37xRdfqCa9rttgUm+2FT8COB9B2VckT7QEZw14biFNmjQRpEsJQpB/DlHwiMNK5SIfhE5x7zPWBmT16tV58lV58XWFtAp79+5Vz9pRRx2lgg8pJBBmAunS+KA87F133eW76lgZWUG4u3btksMOO8x3HdhhXgKxNiD21Ycpt107Zns/XhgpPtwkYJoAgl4RK/Kvf/0rqenbbrtNhgwZ4ttBOmqxoyY75IMPPpA6deqYHirbc0ggtgYEgUcHH3xwEjavXuy6AUHOHssjy+Gc8TYS8JUA4ka6dOmSp08Eyc6bNy/xcvdKKeS2wrnMpZdeKkgUSQkPgdgaEBwYwiPKEi9LX+oGBD+6N954IzxPADUhgQIIIHli9+7d1VU4f8BKXRf829133y3lypUzzhKZIZAhAhK0+7DxweVAg7E1IH5uK+l9Yfk/dOjQHHh0OIS4ELjllltk9OjRKi0PsihgBX3WWWeptOmWYDU/atQo6datW1JMlRtGemLT9957T0466SQ3zfFeDwjQgIjINddcI5MmTfIA7x9NYtsK+8kQHE5ee+21nvXFhknANAEE6u3evVudPeAMwhLENsEl/bHHHkvqEiv7G264IaMcW+l0hdOJVdMD2XbtOepMj5HtOSMQSwOiH8oBG2JBjjzySGcEM7gLke0rV65UV8JQwWBRSCAqBKwVdNu2bWXu3Ll51EaAIeqDIE28Lsi6gFgNq45INuOFKzFydEG8OpvMRh9em5pALA2IVfrSQuL1A4rl/vLly1V3yIOFfFiUvwggJ1OzZs0EbtWQli1bylNPPcW09yF5SCwDgq0sPV+cXT3EZiB6HWcVumBbC7nl7E4r6YaHeuannXaa+mfETyEKnhJOArE0IKgR3bdvXzUjOPjbvn27p7Ojn4Hgx2Rf8nvaecgbT5UJwFIZzgbYd6cER0DPeottJGwn5Se///67Oi9JlW0BRZ+wtVWQhLVwVUF6x/HfY2lALrzwQnnppZfUfMNF0coy6tUDoBuQiy66KI9fvVf9RqHdhg0bCjzg0gkOZvv37x+FoeSkjth6xRYsJNs07jAYqQwOMvt27NgxJS/MNQwQxOudgZycMJ8HFUsD0qlTJ5kxY4ZC/fnnnwtSjXgpugFBiVE9jbaX/UahbZ0N0mdgPi6//PIk1ZFaBoe3rHXt/4zCgFvVB52kcceKBB9N1gebNQJkAUZWXeugHH+PNELHHnusuoSVO/2fayc9xtKAnHvuuYJzEKRDQFoEr8VPl2Gvx2K6/VRJ+uAqmqrcKg5pkZiS4h8BPY+bmxXBxo0bBSt/3YsLo0CKeCulfKFChdTA8luh+Ddy9pQJgVgaEL8zi9KApH8U8cWJL0/7lgVqcOPQFX9aAo4nn3yyMv6osULxnoDp38p3332XJwU7VuX4YJg1a5Y0bdo0kbna+9GxB7cEYm1AypcvL1u3bnXLsMD79R+hX6ueApUKyQX6nveWLVtUWWFLcICLL+BUc4S0+KgiGWRho5Ag9EwNe7ofNysQu5JTpkxR84eaHrps27ZNjjjiCM/GxIbNEoidAdFjQJDdc+bMmWaJpmhNf8nBzRE1nCl/EMAWBqrdQdKlk7n33nsFBY7sgvgCbEEecsghxOkBAb3MM9KoYwvKpOCDAb8Hq9ia1bYfji0mxxHntmJnQFDbAPWUIX6lFdENSJs2bQSlRCl/EMBLBFsYkPxiZP7xj3/IPffckxIbv1q9eZpMb1+l0hJ5tJBryy5wr4ezyUEHHeTN4NiqEQKxMyD6lgk8Q/RSnkaIpmhE/yH6terxaiym24Vnj1XbAbED2JpKJyg1fM4556T8Z7/m0vT4w9oeVuaWq23v3r0FsVOmRfe6wiE7jMkLL7yQ6KZevXoqgwO3KU2TN9de7AyIXtvZiVuiE/S6JwtSO6AcJ+UPAjgkL1y4sPrvO+64I+0qw+L166+/Su3atRMH7zpHrFDQBsUdAX1O0JIXBZzgposccZDZs2cntjHnz5+vMhFYgsSj2CmghJNA7AyI/jXjV3roU089Vd599131BLCmQfIPQX9ZYZsKacEzEXwVjxs3Ls+lYI2AN361ZkIx9TV67Mfjjz8uXbt2dd5YmjuREgVnLJdddpnyvtIFq0n9vGXBggWJbWfjirBBVwRibUBMepXkNwtly5YVuC9a4le/rp4Mn26GAUG2V3j8ZJupGC+WdFuQfn0c+ITJt26wlVS5cmXVX9WqVQWJEk0LgkWrV6+uggixC5DqnAOrjuHDhye63rNnT8a5tEzry/bSE4iVAcFLxQpWAhK/XuQIlNIPzv3qNwoPPlx0rUzIKJ2KqOVs5JdffknrhcVo5mxI/nEtzj0sz0S42OLjx6RgO6xkyZKqybfffluwYkwl+hYX/r1Vq1ZJ5yMmdWJbzgnEyoAgaSJiPyB4aSGRnx+iV1Xz03D5MTa3fehFgxAgiKy8TiSdl5aXlSad6Bnme7ACRFp2yODBg+Wuu+4yrq61dXXFFVck0gml6+S1116Txo0bJ/4Zz4q1OjKuGBt0RCBWBgQeHnCjhWCPFb7tfoheEpQGJJm4nqwPpVJr1KjheEpSRTkjVqRWrVoqel0PUnTcSY7eiFTscE6wBLEZhx9+uNHRfvLJJ3L88cerNr/99lspU6ZMge3rZ1koiwCjQgkPgVgZEH1fFVXTevbs6ctM6PVA/Fz5+DI4l53oRj3Tl0pBXdo9eazrEZDYr18/KVq0aEFNxOrf4dmmM/Eqjb6VtgalcHVjlR9sBBV26dIlcQm3f8P1aMbKgKCiGvbZIW+++aYglbjXgoI4erZf3WXR676j0L5emwWZW/UzKjf6Y68dKz94+tiFMSN/EbGnK/HqK9+Kv8IWFgpTZSN+BDRmow+v/YtArAwI9l1R6Q4Cb5OKFSt6/izY3UkZNZ2MHPUiUDcC4sXXJbZiUN0OhlwXxJ7s3Lkz1ini4VSCuKj169cn0JhaBeqsYbAR/wSPO3hgZetiTQPi+WvKcQexMiB6IakNGzZIpUqVHIPL5EYs1ZHrRxcvXpKZ6BLWa1DrY926dZ4ZEGvcWHE2atQoDwbUHkFiv2LFioUVkWd66b8HdII0+qkYuVHg/fffVxmUIU5W/V4mdHQzLt77B4FYGRDUIn/iiSfUwOHfDj93LyXVlxYNSDJxxALs3bvXcwNi9Yr9dOyr2yVOlQ91V1qLgxMX6oJ+O4jdwPYtclo5rcSJ8xkky8TqBR98+PCjhIdArAyInt/no48+SniEeDEdr7zyijRp0iSp6auuukp97VL+IhDE9gS8veCZlUpy3e0X3mgoqKYLUutgi8m0gDFYQ5xuGeu/I3iF2TP3mtaZ7WVHIFYGZPXq1VKzZk1FCC9yvNC9EHsQlNWHF4FZXujvZ5uWAUFwGVLt+ynInYX4kVSC2B3ERJg61PdzXKn6WrNmjdSpU0dF/OuSjUdUNmNAFLmVw8qNgcK98JyDVKlSJbHdmY0uvNY7ArEyINg+QlwABN45eqoEU4jtiej0drl9lZeyZUAyCSwzNUf2OcGHRKptLVwHryFkiY1qPXZE6uM5t6fChwfi0qVLPTn7QYQ5Mula4iatzCWXXCLPPfecaoqZrL34BbhrM1YGBKisFxZSKOBBNy1IDjdnzpw8zfoZd2J6TF62Z83H9OnTpVOnTl52lW/bcCGGEUmVOBCxO3BvxZcwXozWR0hgymbYMdLnWPXG9VsQe4PUIF6InksL7b/zzjtyyimnOO5K3+KEB2X79u0dt8UbzROIrQFBAjf7ct4t3gceeEBuvvnmlM1w9ZEXi75a8yp4zcmcopTu6NGj06byOOOMM9T2Vrt27UKZ4A/eVKjguGzZsqThDxo0SP09as17IfZMAOedd54sXLjQVVe6AcE2XLVq1Vy1x5vNEoidAcEXJirfQUy+1O3Ldn2adu/ezejnFM8tcpHBswbnDEiqmElqC7OPf/6t4flA+WF47uVXUAmHuwiOq1u3rootstJ1+Kkr+kIa+/r16+fpFvmkpk6dqs4QvBS71yE8qOBl51Tgnaff77Y9p3rwvvQEYmdA9CW2qchnPOhIBYG9Xrt44VufKw80POFwsGvamHvBBy6pODPAygR/ZipI/oea70hZX7p0aRUXhEJKSOXh5FwFgXg418D/sFX6/PPPy9q1a1OqgwDKSZMm5YlFylT3bK6z12dZsmSJNG3aNJsm8lxrT9dv8oPPlWK8OUEgdgZE3zZBAJvbrzIYoXR1m/Gisbvy8tn7iwCKFV177bWRMCD6vOEZmjt3rlp16FHcbuf2iCOOEHjw4UvbEqzOsKL54IMPsmoehqV169ZZ3eP0YnvusQYNGsiKFSucNpe4D1uF2Nq0hAbENVLjDcTOgIAg9mYXL14sePAvuOACV1DTpWXAechNN93kqu1cvxnnReAEifrLAZeQ7RAAAAwgSURBVCuCVatWqWjr5cuXq9UF0oJg+xKZbpE2xWvBxwryf6FYk1+CbUh7SiBTK3v9t3X77bfLkCFD/BoW+8mQQCwNCPaD4brZt29ftSXhRPByKFeuXMpbEW/i54/Yif5huAdfyFZK/agbkEx4YuWCwDh8vMDQZJKaHCsQPKsVKlRQteMRx4SU9zBY8A7zOptCfuOyF2jDtZhPvRxtJlxSXYNyxdgWs8SUUXKqD+9LTSCWBgTeHFbdiWxfXLgeroT2Os4WXj9SpOTKw4w0F1aSw2znIVcYRHkcCP5EWhRLMJ84ozEh+uoDq7kff/zRRLNswzCBWBoQ/Rwkm+hwHFamcyO89dZbBfUm0p2HGJ63nGguiDQmOQEuBIN49NFH5YYbbkjSxNQqwe4ODw89q5JoCIZOFTQCsTQgGD+yjmIbAS99+McXJHoqeP1auBniMN6q611QO/z3vwhYBgSZcLElQ4kGASRHtGeydhswaI1czxaBv8OH2YgRI6IBJoZaxtaAIBYEMSFIJ/7ll1+mnXo9f5Z+EZbvyCPkR02RXH0uLQPiVRGjXOUW9LjsjiOIM8HZjgmBZ9t9992XaIpbmyaoetdGbA0IvGLglw9JV0QHyf0Q3KbHd+DHg9rOVlJG76Ym91u2XkRYAWIlSAk/AaQTwWpcF2wJm0jvgpUN0p5gWxlCZ5TwPw+xNSCYGusFBndSeH3YBYYFvvnWV9DTTz8tKEBEcU9AP4d69913E0WH3LfMFrwiYI8MRz+IfkcEvlvBFiZW9ThHgTHCbw155SjhJhBrA4IiQthjhaTLGIrEc9jiQlI6t0GH4X4U/NVOr9boJlurv1rHuzd8PNm9D01tMV155ZWChJqQFi1aCMrgUsJPINYGRD+wcxMTEv5pDp+GyE7cq1cvpZipl1D4Rpk7GiHBpD31yvbt29PGQmU6csy9PZ0+ikYhvxgl/ARibUAwPfqLLN1ZSPinMXoannTSSSo9B+pSwBuOEm4CeswONDWRaRfbVihXq8u8efOkZcuW4YZB7RIEYm9A7NG0/Br259cRljog/ow22r2kqrDpZtsR519I84O0K7rgHDJdOYRoE8xd7WNvQDC18KqyUnDjrMOqgJa70x7syHCmdOyxxyolUEPC8oYLViv2no7AMcccI8iwYAnqp6PUrBNBckQkSbQLjYcTmsHfQwPy5xz0798/kRfr2WefFZTSpHhDYOLEiaogE15MVioTb3piq24JoOiavQCVE7ddbFdha+rVV19NUgkeVz/99JMnpXXdjp33F0yABkRjhFUIViMQ5PTBvi/FPAFU8ps9e7aq033HHXeY74AtGiPQrVs3VVPEkquvvjpRkC3TTlDWAAflGzZsSLrFlAtwpnrwOvMEaEA0pvbaHjwPMf/A6fEfTDxpnq/JFvW5strFiiSbfG8oemWP53jooYfkxhtvNKkq2wqIAA2IDTyyfpYoUUL9LYodYbuFYo7AjBkzpFOnTqpBGmhzXL1oCRkChg4dmmi6Z8+eymsxU9FjO3APtoWnTZuWx/Mq0/Z4XfgI0ICkmBO4lSLZIgQPfOfOncM3cxHVyEpiefLJJwsi0CnhJYAyvCiIZQnOKuxut6m037Jli6pfogsCdocNG2Yk5Ul4icVPMxqQNHOuL71hUBCvQHFHQHeZfuKJJ6RLly7uGuTdnhH47LPPpFatWon2L730UlWDvSDRP76sa5EcsV+/fgXdyn+PIAEakHwmDYe8WMLjS+yjjz5iynaXDzhKvp522mmqFSTOs3+lumyetxskgMNyGHlLUJa3oASiqBMPQ6MLgkXr1KljUDM2FSYCNCAFzAZ81uG7Xq9ePVm5cmUiAWOYJjEqutSvX18l34Pw/CPcs6anbMe24+uvv56vwgMHDsxTtwMfXVZ8VbhHS+2cEqABKYAc9n0PO+wwddXgwYPlrrvucso69vdZL6WiRYsm7a3HHkzIANiz7o4cOVJQpyOdwCkCzhG64OwE80zJbQI0IBnM76JFi+T8889XVyIQ6uyzz87gLl6iE8AWSO3atdVfwQjDGFPCSUD3RISGqJ1TqlSplMribBArc2tF2aBBA7ViN1EfJJx0qJVOgAYkw+cBUbTz589XV+OAsUaNGhneyctAwNoKxH8jKhllbCnhJLBr1y5Vm8OSVKsJe6VOnBPioyC/lUo4R0ut3BCgAcmQnj3pIhLMWfEiGTYR68v0PXWef4T7UbCnL0EqdxgIS9auXSvVqlVLGgTOSCzX93CPjtqZJEADkgVNpHsvV65c4g4T9RCy6D6yl7744ovSunVrpT8ikBGJTAk3Ad3gP/DAAyp7LsS+vYW/QwnasmXLhntA1M4TAjQgWWLFfi/2eS3JNrVDlt3lxOX6y2jPnj15kvPlxCBzbBD6nGFoWIG/9dZbcvrppyeNdNu2barsMyWeBGhAHMz7k08+mRSdjoyyyCxLyUtADyxDSeB169YRUwQIpIrpsKvN5z4CE+mxijQgDgEvXLhQLrjggsTdqJ3eqlUrh63l7m36l+z69evlqKOOyt3B5tjIkLYEDg+pZOvWrVK+fPkcGzGHky0BGpBsiWnX42v66KOPTvwNPI1gSFjP+Q8k+kqtefPmsnjxYhe0eavfBFJl44UOmUSl+60r+wuGAA2IS+47duyQunXrJrZmkO7htddeSzpsd9lFJG9HpUH9YPXXX3+VIkWKRHIscVd62bJlgiJrWHEgKaK9wFTc+cR5/DQghmYf0boDBgxQrZ1wwgkyduxYadasmaHWo9cMggbxpQqZOXOmdOjQIXqDoMYkQAL5EqABMfiAID05Msx++OGHqlUYlOHDhxvsIRpNvfLKK9KkSROl7IUXXihw46WQAAnkHgEaEMNzunHjRpX2xCqNC5ffJUuWZFRHwbAqgTSHUsDVq1dP9P39998nRTUHohQ7JQES8IQADYgHWPHS7NGjh9q6sSQOmUmRhK9jx46q3jnkpZdekhYtWnhAmE2SAAmEgQANiIezgMP0xo0bJ3q47bbbkkqEeth1IE0jWtmKMh83bpzcfPPNgejBTkmABPwhQAPiMWekO7H7yyNZnZUi3uPufWt+woQJatVlCSKX7dHMvinDjkiABHwhQAPiA2YEY6Gwjh6F/dxzz8nFF1/sQ+/ed4HtOb3qHM5BjjvuOO87Zg8kQAKBEqAB8RE/fOhHjRqV6LFz584yderUSH+pw/Ps1FNPTYzpsccek27duvlIlV2RAAkERYAGxGfyOFiGa6su8NiqVauWz5q4786+8kAk/vLly903zBZIgAQiQYAGJIBpSnUucvnll6vVSFSifKdNm6ZiXnRhpt0AHiZ2SQIBEqABCRD+I488It27d0/SIOxnI8iPhAh7lPal8Qjw4WHXJBACAjQgAU8Cqr0hQy1yaumCxINIQBgmefTRR+WGG27IoxLiPwoXLhwmVakLCZCADwRoQHyAnEkXiFZHOnhsA+mydOnSRFqQTNrx4hpUoStTpozAUOjSp08fGTNmjBddsk0SIIEIEKABCdkkwdW3Xbt2smrVqiTNsN3VtWtXX7/0kVG3d+/eKi27Xb788sukVPYhw0h1SIAEfCBAA+IDZCddoM40vu71ZIwlSpSQevXqyZAhQ6Rhw4ZOms3oHpTpnTRpkqpfbpe+ffvKfffdF2nX44wg8CISIIECCdCAFIgo2AsQhLhgwQKZPHmyzJs3L0kZpIy/5JJLpHLlykaURPT4rFmzVKzKO++8k9TmVVddJQ8//LAULVrUSF9shARIIPoEaEAiNIcoCTto0CCZMWNGWq1R0AqpU5AqBSsW/IkD7tKlS6usuAceeKBghbFp0ybZvXu3YKWDrSrU7sCfdsG2GWqd4H4KCZAACegEaEAi+DzAcws12ZGccc2aNZ6MoF+/ftKzZ0+pUqWKJ+2zURIggegToAGJ/hwqIzJlyhRBZPi2bdtk69atAiNTqlQpVZ/90EMPlUqVKknx4sXl999/F6xk4N2VSpBB99577825ZI85MM0cAgmEjgANSOimhAqRAAmQQDQI0IBEY56oJQmQAAmEjgANSOimhAqRAAmQQDQI0IBEY56oJQmQAAmEjgANSOimhAqRAAmQQDQI0IBEY56oJQmQAAmEjgANSOimhAqRAAmQQDQI/B8udle3u31hIAAAAABJRU5ErkJggg==','2018-07-04 18:09:01','2018-07-04 18:09:01'),(6,1,'2018-01-10 00:00:00',1,1,1,'REMITO INSERTADO PARA REPORTES','1970-01-01 00:00:00','1970-01-01 00:00:00'),(7,1,'2018-02-10 00:00:00',1,1,1,'REMITO INSERTADO PARA REPORTES','1970-01-01 00:00:00','1970-01-01 00:00:00'),(8,1,'2018-03-10 00:00:00',1,1,1,'REMITO INSERTADO PARA REPORTES','1970-01-01 00:00:00','1970-01-01 00:00:00'),(9,1,'2018-04-10 00:00:00',1,1,1,'REMITO INSERTADO PARA REPORTES','1970-01-01 00:00:00','1970-01-01 00:00:00'),(10,1,'2018-05-10 00:00:00',1,1,1,'REMITO INSERTADO PARA REPORTES','1970-01-01 00:00:00','1970-01-01 00:00:00'),(11,1,'2018-06-10 00:00:00',1,1,1,'REMITO INSERTADO PARA REPORTES','1970-01-01 00:00:00','1970-01-01 00:00:00'),(12,4,'2018-07-10 00:00:00',1,1,1,'REMITO INSERTADO PARA REPORTES','1970-01-01 00:00:00','1970-01-01 00:00:00'),(13,5,'2018-07-10 00:00:00',1,1,1,'REMITO INSERTADO PARA REPORTES','1970-01-01 00:00:00','1970-01-01 00:00:00'),(14,7,'2018-07-10 00:00:00',1,1,1,'REMITO INSERTADO PARA REPORTES','1970-01-01 00:00:00','1970-01-01 00:00:00'),(15,1,'2018-08-10 00:00:00',1,1,1,'REMITO INSERTADO PARA REPORTES','1970-01-01 00:00:00','1970-01-01 00:00:00'),(16,1,'2018-09-10 00:00:00',1,1,1,'REMITO INSERTADO PARA REPORTES','1970-01-01 00:00:00','1970-01-01 00:00:00'),(17,1,'2018-10-10 00:00:00',1,1,1,'REMITO INSERTADO PARA REPORTES','1970-01-01 00:00:00','1970-01-01 00:00:00'),(18,1,'2018-11-10 00:00:00',1,1,1,'REMITO INSERTADO PARA REPORTES','1970-01-01 00:00:00','1970-01-01 00:00:00'),(19,1,'2018-12-10 00:00:00',1,1,1,'REMITO INSERTADO PARA REPORTES','1970-01-01 00:00:00','1970-01-01 00:00:00'),(20,1,'2018-01-10 00:00:00',1,1,1,'REMITO INSERTADO PARA REPORTES','1970-01-01 00:00:00','1970-01-01 00:00:00'),(21,1,'2018-02-10 00:00:00',1,1,1,'REMITO INSERTADO PARA REPORTES','1970-01-01 00:00:00','1970-01-01 00:00:00'),(22,1,'2018-03-10 00:00:00',1,1,1,'REMITO INSERTADO PARA REPORTES','1970-01-01 00:00:00','1970-01-01 00:00:00'),(23,1,'2018-04-10 00:00:00',1,1,1,'REMITO INSERTADO PARA REPORTES','1970-01-01 00:00:00','1970-01-01 00:00:00'),(24,1,'2018-05-10 00:00:00',1,1,1,'REMITO INSERTADO PARA REPORTES','1970-01-01 00:00:00','1970-01-01 00:00:00'),(25,1,'2018-06-10 00:00:00',1,1,1,'REMITO INSERTADO PARA REPORTES','1970-01-01 00:00:00','1970-01-01 00:00:00'),(26,1,'2018-07-10 00:00:00',1,1,1,'REMITO INSERTADO PARA REPORTES','1970-01-01 00:00:00','1970-01-01 00:00:00'),(27,1,'2018-08-10 00:00:00',1,1,1,'REMITO INSERTADO PARA REPORTES','1970-01-01 00:00:00','1970-01-01 00:00:00'),(28,1,'2018-09-10 00:00:00',1,1,1,'REMITO INSERTADO PARA REPORTES','1970-01-01 00:00:00','1970-01-01 00:00:00'),(29,1,'2018-10-10 00:00:00',1,1,1,'REMITO INSERTADO PARA REPORTES','1970-01-01 00:00:00','1970-01-01 00:00:00'),(30,1,'2018-11-10 00:00:00',1,1,1,'REMITO INSERTADO PARA REPORTES','1970-01-01 00:00:00','1970-01-01 00:00:00'),(31,1,'2018-12-10 00:00:00',1,1,1,'REMITO INSERTADO PARA REPORTES','1970-01-01 00:00:00','1970-01-01 00:00:00'),(32,12,'2018-07-05 04:44:41',4,1,1,'data:image/png;base64,iVBORw0KGgoAAAANSUhEUgAAAZAAAADICAYAAADGFbfiAAAgAElEQVR4Xu2dC/gVRfnHxwtWmoLlDRQNUQQVMRAlRQ1NARULFBUt8lIkROXdxDLveUPMDCIVy8qyxDIVEC9FaKiZhpqKSaaoaKWmmaVW/J/P9J/TnD17zu/snj1nZ8/5vs/TE3V2Z2Y/s799Z+a9rbZq1apVRiICIiACIiACCQmsJgWSkJguFwEREAERsASkQPQiiIAIiIAIpCIgBZIKm24SAREQARGQAtE7IAIiIAIikIqAFEgqbLpJBERABERACkTvgAiIgAiIQCoCUiCpsOkmERABERABKRC9AyIgAiIgAqkISIGkwqabREAEREAEpED0DoiACIiACKQiIAWSCptuEgEREAERkALROyACIiACIpCKgBRIKmy6SQREQAREQApE74AIiIAIiEAqAlIgqbDpJhEQAREQASkQvQMiIAIiIAKpCEiBpMKmm0RABERABKRA9A6IgAiIgAikIiAFkgqbbhIBERABEZAC0TsgAiIgAiKQioAUSCpsukkEREAEREAKRO+ACIiACIhAKgJSIKmw6SYREAEREAEpEL0DIiACIiACqQhIgaTCpptEQAREQASkQPQOiIAIiIAIpCIgBZIKm24SAREQARGQAtE7IAIiIAIikIqAFEgqbLpJBERABERACkTvgAiIgAiIQCoCUiCpsOkmERABERABKRC9AyIgAiIgAqkISIGkwqabREAEREAEpED0DoiACIiACKQiIAWSCptuEgEREAERkALROyACIiACIpCKgBRIKmy6SQREQAREQApE74AIiIAIiEAqAlIgqbDpJhEQAREQASkQvQMiIAIiIAKpCEiBpMKmm0RABERABKRA9A6IgAiIgAikIiAFkgqbbhIBERABEZAC0TsgAiIgAiKQioAUSCpsukkEREAEREAKRO+ACIiACIhAKgJSIKmw6SYREAEREAEpEL0DIiACIiACqQhIgaTCpptEQAREQASkQPQOiIAIiIAIpCIgBZIKm24SgewI3HfffWbYsGGlBh9//HHTv3//7DpQSyLQJAJSIE0Cq2ZFoF4Cm2yyiXnppZfKLh88eLD5xS9+YdZdd916m9F1ItByAlIgLUeuDkWgnMBqq61WFcmkSZPMjBkzzNprry1sIhAcASmQ4KZEA+o0ArUUiGMxd+5cM27cuE5Do+cNnIAUSOATpOG1P4FZs2aZKVOm1HzQ1Vdf3UydOtVcdtllph6F0/7U9IQhEJACCWEWNIaOJxCnFHr27GlWrlxZweaBBx4wQ4YM6XhmApA/ASmQ/OdAIxABc9JJJ5np06eXkVi0aJFZsWKFOfHEEyuM7CgWjO8SEciTgBRInvTVtwh4BOJ2IS+88IJ573vfa4YOHWqWLVtWunr//fc3t9xyi/iJQK4EpEByxa/OReB/BB577DGz3XbbVSD517/+ZdZYYw1z+umnm/PPP7/0+xtvvGHWWWcdIRSB3AhIgeSGXh2LQCWBqJLgCo63Lr74Ynvx+973PvPqq6/af3/hC1+wRnWJCORFQAokL/LqVwRiCKxatcp0797d/O1vfyv7df78+WbUqFE2uHDEiBGl37heIgJ5EZACyYu8+hWBKgT+/e9/mzXXXLPi10ceecRsu+229jjLyeLFi83w4cPFUgRyISAFkgt2dSoCtQm88sor5v3vf3/FRRjSDznkELN06VL72z777GMWLlwonCKQCwEpkFywq1MR6JrAk08+abbZZpuyC3v37m3deo877jgdY3WNUFc0mUDhFMjbb79tfve735nZs2ebb3/72+att96yiPBe+exnP2tGjx5tOBcmcrdXr172tz/+8Y+G+7iW7T/ukiSp69OnT5PxqnkRaIzAww8/bAYNGlSzEdlBGmOsu9MTKIQCwY1x5syZ5tJLLzXPPPNM3U/7rne9q6Rgat209dZb2xXdAQccYJXPFltsUXcfulAEmk3gxRdfNGPHjjX33ntvbFdSIM2eAbVfjUDwCmTBggV2V5GHXH311eboo4/Oo2v1KQJlBH7/+9+bfv36SYHovQiKQNAK5JRTTin5v0epbbrppmbzzTc3H/zgBw25gZYvX25efvnlssu6detm3nnnnYaB//KXvzS77757w+2oARFohADv+FZbbVXRBN5Z22+/fSNN614RSEUgWAUybdo089WvfrXioa6//nrrhdKooFiI/OU/TzzxhLnnnnvMnXfeWbXZ448/3h6hSUQgTwJ/+tOfzMYbb1wxhHnz5uW2U8+Th/rOl0CQCgTj+FFHHVVG5rbbbjP77rtvS2jh/cKZM8rFl5122ska7uPSTbRkYOpEBIwx1Y6zSAt/7LHHipEItIxAcArkRz/6kTn00EPLAPzhD3/IxWPq9ddfNx/5yEfMr3/967LxsDP64he/2LJJUkciECVQrSbILrvsUtXYLooikDWBoBTIo48+agYOHFh6RmwcP//5z82WW26Z9XMnau/uu++OtYE8//zzJVfhRA3qYhFISeCf//ynGT9+fJeZeP/85z+bDTbYIGUvuk0E6iMQjAL561//atZff/2yUXOENGDAgPqepMlX/f3vf7dK5KGHHirryWVKbXL3al4EzFNPPWVwOY8KCRaJXI+Kdsp6aZpNIBgFglcVtQ+cfOc73zETJ05s9vMnbv+73/1u2biGDRtmlixZkrgd3SACSQhcfvnlNvtunFx11VU2pUm1+CUCb8mhJRGBrAkEoUDIPLreeuuVno2tN1vwUCWaYoKVYd++fUMdrsZVcAKDBw8u2/k+/fTTZTbBG264wRx00EGGJIzHHHOMYfEVleuuu85MmDCh4CQ0/NAIBKFASEFCpLkTUo6stdZaobEqGw/1GYhTQXArxr1YIgJZEnjppZcMlQd/85vf2Ga/8Y1vmClTpth/+0Z0ItQxnjv5xz/+YT0FUTROWKDh+HHaaadlOUS11eEEglAg1DegzoGToqRm8P+IizLmDn/fC/P4c+bMsbsJZM899zQ/+9nPynbp/ruH/SNqP+Q+UqAQeIj9zsnaa69tCIwdMmRIYVhooOESyF2BuMSHDtH3v/99c/jhh4dLzBvZYYcdVtp5qC5DIaYs+EGS+PNzn/uc9bKiFvpNN91k9tprr4pxJ1m80NaYMWPK2jj44INtTJNK4gb/SgQ9wNwVyLPPPltm/ON/k7K6CMLRAsGFyCc+8Qlz7bXXFmHYGmOABPDmu+SSS0pHTKeeeqqZNGlSrAu77+5OVmnilboSrmHBQ2VDX+644w6z9957d3W7fheBWAK5KxDOZC+44ILS4Ip0FBTdPRVp7Pp7CIcA6Ul2220366aL3HjjjeajH/2oLUkQJ3hdffrTn7Y/URsExVOvkDdu6NChFZc/+OCDNq+cRASSEMhdgeBx5SdBLNpHOMlRQpKJ0bWdQeCEE04wM2bMsA9L+hx2sRxd1ZI99tjDcGSKYDvERpJUPvzhD5tFixaV3bbRRhvZ9D1xlRCTtq/rO4NA7gokmpKhyAoEd+Su/vg747XSU3ZFgPQ87DowdCNJ4p78vxkM5BjG0wjJQ0nVExVSCaHIQveETPPMuidbAlIgDfLccMMNzV/+8hfbyuOPP2769+/fYIu6vd0JfO1rXyuVpCW7AfnfNtlkk7oem4JqH/jAB0rXNrrgwvZy1llnmXPPPbeif8aFsb1a3q26BqyL2pqAFEiD04vB/7nnnrOtLF261Oywww4Ntqjb25UAH/+RI0eaZcuW2UckzxtHSUkE4/pFF12UmQJxDbEIQplR2iAqCpRNMkOddW3uCgT/dfJgOWl0RdXq6fNXZ9qBtJp+cfr7+te/bj7/+c/bAVPl8sorr6xqJK/1VP77dtJJJ1UtuJaWTLVU8QceeKA9ZuvRo0fapnVfGxLIXYH4sRTwLbICIVMqddglIuAIkLEZWwe7D+Thhx8uyzidhBSeUn4AIN5bHKE2Q7DnkciU8ftCQGM0pqQZ/avNYhDIXYFceOGFpdoauBfef//9xSD3/6OUF1ahpqulgyX1yNSpU22fJOH8+Mc/3lD/eTicEOvEMdsbb7xRGjt2EZ7n3e9+d0PPo5uLTyB3BeLHgWBPIJCwSCIFUqTZMmbFihXW6YEUHwThNUPYGRCf8b3vfc+MGzfO/vd73vOehroi1uPkk08utUF0OXmyWiUUVSO1CvXXEXJrkQuOYzTtuls1C+H1k7sCoXQtKRUQ/M+dR1N4qCpHxKrM/wjVOn4jPcW3vvUte5yxcOFCs+aaaxbhEdtmjGeeeab1NooKtTSI7O7Zs2cmz0pcB/YOPKVYpZPuv1GJZn/GY2vlypWNNpvqfozs5513nlWKTlAieHFJkaRCWuibclcg3bt3L0vFUCQbyPLly+1KFjniiCPK/qj8t+L2228vq+fO1p+MqZLWENhvv/0qUnjE9dxIHjZ2HdTrILYCJULWXL9EQdonJUV7dLERQrbq6DvN87EQ/OQnP5n2UXVfAQnkrkD8IyCK3lD8pihyzTXXWI8a5Oqrry79Ozp+grKif1hpI4iLwiaUcXLkksS1mp0IyTxJfV5PSViMzaQW+eY3v2mo20FUeb0xHfUwIsqc7LlOGjHC19NfkmvYgZMD7qc//WnZbaRiIape0v4EglIgFLyh8E1R5NJLL7Vn3UitpHT33HOPGT58eNljsap85513ivKohR0nH7LoBy7Jw3A/AXVxR45XXHGFIS5js802M2effbYhgjtLIUqcHQ2yxhpr2Hogn/nMZ7LsIpO2yCDcp0+firZeffVVuf1mQjjcRoJSIGeccUbsOXWo+L70pS/Z82CE4j/kEooT7Dpx7paNpKEIlUlo4/J3uHx82Sk4+clPfmKN3PUItpK7777burYy10ceeaRZsGCBoRga7221ua+n7bhrKE/rO5RMmzat9K6lbbPZ98GHYERfyChMbXb4SdqPQFAKhJUiWUiLIgSGYTDlI0W67Gp5sP7zn//YFWRUOCufPn16UR63cOOkLLL/YcdmteWWW1Y8B3mpMLBTGvbNN9+s+Zx8CCngtOmmm9qdya677popF46oBg0aVNFmUWyDHGsNHDjQsCtxgqMJXmQ4zHTr1i1TXmosXwJBKZCiBSlRC8SVGyWaHoeAOIl6a/nXoFyUa6g5fwRpSgUsWbLEsNr3K2TWO7qPfexj1lmC+hr9+vWr9zYbPIsymjhxonn77bcr7mNx0iyX47oHmfBCdk+kh0fZ+jJ37ty6d30Ju9TlORAISoGQ48f3dc+BR6Iu/Q8/XlXVAqtIcYKDAMLqkpxZTi677DLrvSPJnoA/P2kMu8cee6yZPXt2ZgPDyM6RDq695E+7/PLLbSkDtwiJdkTadvJlVasLktnAmtgQ7zrZJqI5tu677z6z8847N7FnNd0KArkrkFGjRpnbbrvNPuvxxx9vMEwXRfwPVK2dBGfDeNO4leb48ePLHlG2kOxnPM3uIzoK7BszZ860//dXvvIVQ6oaMuny380WAvdctctm99WK9v2ME64/SvUSENlokGUrxq8+4gnkrkAIrnOeJdtvv30p0rUIE1ZvFDrV43D1RHDJxHuHIwsnBGGdfvrpRXjkwozRnxsSAVJbvF7xjcGTJ0+2FTOjMR1EtDNnBAtmJRjjDzrooERux1n13Yp2qnlrsQsn5UucnbAV41If6QnkrkCiNdGLYiwEeb0KxM84zIeHIkLRsqJPP/10WZ2H9FOqO6MZZWvZp3xaGN2xY/zqV7+y/zcxSe7oMQ1Vzv+ZV2KEZs2aFdsEu24M+EWzcaThwT0ERhJkycIxKgRy4kSzzjrrpG1e97WYQO4KJFpXnA8sfvVFkHoViH8dBXxYaY0ePdq6gfpSJOUZ8vzgSsouAunbt2+p1ni1MROPQ6pyV2eceAs+cpLmEXjhhRes04CLc4n2hHciXo5K+dO8Ocii5dwVSHQlzxmzq5uQxQM2qw3SSfhG81of/zhFg3Fxxx13LBsexxe4kkoaI+Dz7qrI10MPPWQjyBF2HxxJqSxxY/zrvRuPMxxnvvzlL8feQqle7IOScAkEoUC23nrrslViEVbiUX/9amNmx+H7vvvXkQbCT0rHa1Iroj3c1yickd18880Gm4eTavNCChKCQDHusiPES8jlNQvnaTpjJMTecHyFh1pUOAbkCFgSJoEgFAgGZnd8AKYiKBAMnuecc46dVTKvctYdJ5yj4xwQ90Ej1UNchC6R62QmliQngIeb28VxLMUxiS8cV5EuBw8r5o24hG222SZ5R7ojcwJE+EfziClOKnPMmTYYhAKJ2kEwsPkKJdMnzqgx34ZRK4KexHw/+MEPqq6I47KaFkWJZoQys2b8gE12tewq/BgKjOPsToi9mDNnjo2MloRDIBpQW7TkquGQbN1IglAgPG4e1dYaweyPt1ZpUf86ztjJvxQVVsKu5Kn7Tamxk8+On5uM+isE6iEE6pEDa968ebYqIL8VxVEjOYVi3oEXml/1kKdwDifFfKLOGHUwCiR61EMELqU0Q5RojYZ6Dej4wZMkLyrVcmXh7rvxxhuHiCDIMfnK2rnuolQWLVpks8VSQc8/TgzyITpwUOQVwyvLF2qx9+rVqwNpFOuRg1EgYOOP3E/CFqothChhl4aBWhN+ahJ/+jHU+gFotZ6n6En08n7tozVX8K4aM2aM2Weffexx6Ic+9KG8h6j+IwTwwoqrYhjy4lGTWE4gKAUSzZ5KHqI4z4y8J5EMvM7V+MorrzSf+tSnYod06623mgMOOMD+Vk8ZUo5X8EbxpShuzXnPib/7IEUGK1jyqlHIS7EEec9OZf8oCeYpKhw1hljzJDyCYYwoKAUCEvJiYaB2q/Va9oW8EOL2ybETQqLE/v37xw6F1S9uuQiGdJLKdSVxmXm1na9NLRqTQ41uElTKztHV29b63zlaZF7i4jvmz59vyI0nKQ6B4BQI6Kgn8Oijj1qKpIR+8MEHgyLqf+Rr1aem9oRz762Vrdd/uGr2kFCP8/KeGNxyqdznyr7ybzzbJGERYJ7YYfs54PwRPvDAA2bIkCFhDVqj6ZJAkAqEVNe9e/cuDZ4PAh+GECQ6tmofdhQgihCpZSeJeyYCq6L5gKjqRp1uyX8J4LFDMkPnaeW44KKr6nfhvCWcILAjrJZ0ksUYc0nUuaR4BIJUIGB01f4cUl6yEJKsHX300eaaa66xw+rZs2eF94gbL0co7uPGkRwupEmEHUv0j6rdUnwn4eFfS20P0r4ghxxySGlVO3LkyIr8Ymn70H3pCbCoIjYKWwZ2zWpy1113mREjRqTvSHfmTiBYBRJNAQIptsF5G0T94yuO1jhiixP/OpQHSiSpvPbaa6ZHjx6l23bZZRdrU+nUXE24eo8dO9aQbRcXT3ameFpRkhZ58sknDQGEknwI4PlG5mGSUdaSIgQK50OweL0Gq0BASVlRf4XCB/Tee+/NjTIBaX6Rn2rHV9G6BxQginNXrOdBOAIgHgZjPYLB3v27nvvb4Zr777/fMPdOfvzjH5uDDz7Y+KUAKCG7bNmydnjcQj0DNjvqeZx44oldjpu8b0cccUSX1+mC4hAIWoGAkfoA1Ep3glsmUdp5iL+rIEDN5cKKjiXrqHpyY2244YalbohriKunkAeTZvbJDm/ChAl2Z4FQYpZjQZecEvdpVrx4xVEiVUbYZs7G/9omvolj3K5KMZMEkXQxHGUlqRHfmqdQL1kQCF6B8JDRD/LZZ59dNQV0FlDi2sC92HcxrOZVFbVdkNyvmudJkrGSx2m33XYr3dLOwVZ4th155JHmhz/8Yel5o2nZo44G8lJL8jYlv5ZdNEWxTjjhhC5vJjnl+eefb8aNG9fltbqg2AQKoUD4OJCdluy1TtgyX3LJJS2hH01dsnDhQhvhHCfRvFZZ2m0IrGQV7iQk77QsJoLYAFarfjAlK12USVTIsus8eyg5e+qpp2YxBLURIRBdONUCRF0PatGrxnnnvEaFUCBMB0b1AQMGlOqGkGWVDwtHGM0WouGJOEfYBbhqd9F+o7sE/N6zrJlNf+RywpjspEgVHLv6+FAb3gnHU4553H3+rrTeGJtmvyft0D6LEhw+WDTVK/wN4p0o6TwChVEgbmqoHUI2VbbUCEZlvD/86oBZTqOfjgRDOIGBuO9GJS4AsBHjebVnoM3oCo/jnKKu+qIr3GHDhllPs1ou2/UWjcryPWjXtshygEs0NqQkQpoYarkX9b1L8qy6tjqBwikQHoWU6NHz1WasxKN1Sog5uP7662NpotSuuOKK0m/NTMFCsNwGG2xQNo6iFaHyE1K6ByH4crvttuvy79XffaCA9t133y7v0QX/JYBrOIF9LMSSCseL2EHi0u0kbUvXtweBQioQ0MedzWbtJojLLq67TqodlVD5zj+nb0USyOhxGWMsgiGZqnNkxvUrOP72t781gwYNqusvipiPvn37lq4twjPX9WBNugiHBP4uCMxlp5pEiLmaNm2adVjJO/4qybh1besIFFaBgIgPTzSQjzQWBJo1ms6CYKipU6eWZqLamTyGXz+wj+y7xCk060jNfzWWLFlidt1119L/lTRlSuteM2OPHKkG6Oepuuiii+xqOMmKFtdQEvIhlKX1d32tfJ5Q+yJF+i233GJ3GCQnTCLkbqNGPMGZaeOWkvSna4tPoNAKBPzLly83W221VcVMEBOAN0+aetdxiqlabebox2/lypUVdZ2b+ZpE02Kz0iQFfCiCMZYxzZw5szQkFAnZiZPmP2LXwkfOCW37JWtDeeZWj4PAVZIR4uzheyrWGgd1avBixCmE0rESEUhDoPAKhIfGQ4tAJf9YxMHYe++9re/6fvvtVxcfVrescn2plrOHVRorPid5JTz0j7MIquOsuqt0EnXBaPCixYsXmz322KPUCjskjh6pjZJGCKbE1oPwfFOmTEnTTFvcw3Eq837xxRdbptUEJxP+BvAIxEFBIgJZEmgLBeKAkOakVuU5AgHPPPPMsrQYPsy43cz+++9vjwR8wUAeV2q22i4lywmr1hauvazsXV4obDIu6WMr+vf7QJFTsdF97PntqaeeKrNdJB0TUel+pHkn2j7Y3d50002G1C7PPPOMYWHjCzsQdhS4emNTYjEhEYFmEmgrBeJA8YfGh5+Pqr9DqAaSFRofPHYQUWF34/4QybVEuyiaqIQQi4Dtx08ZQQr8BQsWtOxDQuZVPNXIYeaEXcjw4cMbeodRFuxkXPwNqW04p2934YiOUsfYiqh34uqGb7HFFnZHwdHt4MGDreealEW7vw1hPl9bKhCHmihwjKz1pF+oNj1EluMiXC2winN8VoNRt9q8pjtqJ+Cs+8UXX2yqvz47rxkzZliDuBNyVk2ePDkT7x3yfrkyp2lS4+c1F2n65V3ieSmbTM4pJ1Txw5Fjzz33NLvvvrsURhq4uidzAm2tQHxabPs53nKlaLMgyYrYz0+VRZtZtBHdidCmv5PKog/awLMKjzPSijg5/PDDDXWt11133Uy6iQZOogzjjg8z6SyHRjjao3YG+dKIjfGFXQa7NxSHdhg5TI667JJAxygQnwQ7E7L8JnVzpA2Ou0hfzTlzyMJKlt2TL7gcJ/V8qvaMfOxwWcYehGStOFy/7GqmT59u/2c7FIwikI+CWOzQ8PbzhVgLUoLgtVZPQGXI75/G1hkEOkqBsHolbiLOW4vpJm0J3lrYMzDI33DDDQY3WewKJG/k6KBIgmvn0KFDM1ciJC7kXB4hIwCBZjvuuGPmaKhC6e9kXnnllQoPucw7bUKDvG/Y1+Jye3E0hcKgTMFGG23UhN7VpAg0j0BbKxCicIkK76puAXhZsW+++ebNI51Ty3GeaXzQoruTrobHERhZiFkhE01O/AWxHBjNmyW+226fPn1KHmbN6i+rdrFdEIuDYo0TjqRYkOBiKxGBIhNoSwXir5DrmZwnnngiVcBhPW2HcA05pgYOHFg2FLfbqmd8OCKQDoOEe8Rw8G+O8pop2Ab88rRUH+zdu3czu0zdNnY17BgoVHatUWHcBO2RtFC2jNSYdWOABAqpQPi4sPIlC2+jQnnYTlgJ4mIbPSKplRyS3RvBeq5UKefzBK3hDdWKDKxZV3Vs9D2J3g8fYjKozxIX/c0iBlbsnCQi0K4ECqlAKCBE4ZpGZK211jKvv/56x+X8wbUWLyknGNU55nI7FIzifBTJeOwE11ESRhJ/0AqhWBcp3Z20Oj1MtWckSJP6LgSj+oJypdY3ubmiNqdW8FIfIpAXgUIqED54Y8eOtfENSYXjhEceecR079496a1tc31cJl+MvKTE8IMAeWBiEqjB3iqh1vx5551X6o4YHueF1aoxuH7IMcW7hqsynlO+nHLKKTbOJaktqdXPoP5EoJkECqlAfCBEKZNynapo/sqaDLl48eBuy26F4xqlpP4fOYziHLPgkhwXG0NBJxQN+ataJdEMyMwdyr5VAgfsYXfeeac555xzDMd+COWUqW1/6KGH2rgMvUetmhH1EzqBwiuQ0AGHOj5SvBC7MXfu3NghttIrDa8ldjl+sS4+0sTrNFs4liJdCClfyN7MomPChAk27xaOAigxKYxmz4LaLyoBKZCizlwD4x4xYkTFUVW15khiGK250kDXFbey4ifi2i/cRbwN8TfN8li67rrrbA0SjqcI6MPNm8A9ClWRLl7HUlnOsNpqZwJSIO08u5FnI0MvxvA4YSWOd1u18rB8XOfMmVOWnr0RdM8995y1YxHs6Avurs7zq5H2/XsxfGPPwFuKNC8oLewqFB3r1atXWY2RrPpUOyLQCQSkQNp8lrERHXbYYTbXUpwQu8DvvvBx9RMj+r/hCoynEcc8KIB6U6MQvIiBHu+um2++OXYs2B722muvhmaE3FlLly612WvZYeDqDQMivWmbDLYoDYkIiEDjBKRAGmcYZAt8NGfNmmVdS+OEkrvsOnr27Fl1/NgG8ILiw96VcNxEgS0+0AQbkoKkmn0lri12Bz169Oiqm9jf2cVgPyGIj2LRRrAAAAZaSURBVJ0GQip70qyQmqZV7sepBq+bRKDABKRACjx51YbOx7hWTfikdg28k8hmzKr+2muvtXVWshKUHHEnSQTvsHnz5hlqwvtFldhl4G230047Ka9UEqC6VgRSEpACSQkuxNuoAEh9a+d+Gh0jCiCLhJB4KmGruPDCC21K9ySCYjvrrLNseVU+9PUIhZRI3oj9hpLDTjhGI6sy/2FHJREBEWgtASmQ1vJuWm+1yvmSAJE4mWYJdgYSLJKenCMx6q6gKIj0x6spqRAgyvEXdhhfQdHWySefbG0wfnnbpO3rehEQgWwISIFkwzG3VvjYVrNjkGKd455W5K5KC4DU+Sgg7BfsMEjZ7gQ7CgF9pAkJpeJj2ufUfSLQjgSkQAo8qyQ3JKVGnJCBN9SiRBi6yehLehCXEBNvLry6yFiLt1Qnp5op8CupoXcYASmQAk54XMla9xikc3H1w0N5NI7PSJ3CbsgZvQcNGmTtIBT4QtG1U5naULhrHCLQbAJSIM0mnGH7pB8544wzrPE6KuSsokZ7VrXI0w6bYESM9cRirFixwmAA5z/HHHOMdfNFURx11FFpm9d9IiACARGQAgloMmoNhVQf1byWOBLKK9aBWBFSg2DDWL58eekRiGinZjppQcaMGVMQyhqmCIhAEgJSIElo5XQtuw6iw998882yETTbuyr6uNTluOqqq8ztt99uFi9eXPYznlGMhwSEfiXBnJCpWxEQgRYQkAJpAeS0XZCNFvsANo+ocETUzFTruOASrEcZW1K+R2Xw4MFm5MiRZtSoUZnlx0rLSfeJgAjkQ0AKJB/uNXsl8hvD86RJk8quW3/99e0OgMC5rDPVPv/884byvuTGImliVFBkxx13nFUYm222WYDUNCQREIFWE5ACaTXxLvojDcnOO+9sM+P6QpnXW2+91XTr1q2hEZMja9myZVZZvPzyy7baHvYV/u3kwAMPtIqiX79+NmhvvfXWa6hP3SwCItCeBKRAAppXvKjiUo00koKEYk3z58+32Xg5kiJwz4lTVBMnTjS41dI3adslIiACIlAPASmQeii14Boq8nE85cu5555rpk2bZosf1SvkqZo9e7YN1CO1SFTIlkslQjyj+vfvbyj9KxEBERCBNASkQNJQy/Aecj2R/vy1114rtUqAHbuOWsdVHEW5uhePPfaYVRrVhGy3U6ZMMQMHDsxw5GpKBESg0wlIgeT8BnBsxNGVEz72pDj35dlnn7XBeHhEUZTprbfessdS1QR7CQqDOAzV8855gtW9CLQxASmQHCcXQzbp151gJKcAEtX7qLmBkiBIENuFL+xYSKI4YMAAa+QeP368LaCklOY5Tqa6FoEOJCAFkuOks1O444476hoBrrOjR482kydPttHduPRKREAERCBPAlIgOdK/4IILzGmnnRY7AuwflJMllTkxGKuvvnqOI1XXIiACIlBJQAok57eCXcWCBQvsKAgQxEMK2wXpzSUiIAIiEDIBKZCQZ0djEwEREIGACUiBBDw5GpoIiIAIhExACiTk2dHYREAERCBgAlIgAU+OhiYCIiACIROQAgl5djQ2ERABEQiYgBRIwJOjoYmACIhAyASkQEKeHY1NBERABAImIAUS8ORoaCIgAiIQMgEpkJBnR2MTAREQgYAJSIEEPDkamgiIgAiETEAKJOTZ0dhEQAREIGACUiABT46GJgIiIAIhE5ACCXl2NDYREAERCJiAFEjAk6OhiYAIiEDIBKRAQp4djU0EREAEAiYgBRLw5GhoIiACIhAyASmQkGdHYxMBERCBgAlIgQQ8ORqaCIiACIRMQAok5NnR2ERABEQgYAJSIAFPjoYmAiIgAiETkAIJeXY0NhEQAREImIAUSMCTo6GJgAiIQMgEpEBCnh2NTQREQAQCJiAFEvDkaGgiIAIiEDIBKZCQZ0djEwEREIGACUiBBDw5GpoIiIAIhExACiTk2dHYREAERCBgAlIgAU+OhiYCIiACIROQAgl5djQ2ERABEQiYgBRIwJOjoYmACIhAyASkQEKeHY1NBERABAImIAUS8ORoaCIgAiIQMgEpkJBnR2MTAREQgYAJSIEEPDkamgiIgAiETEAKJOTZ0dhEQAREIGACUiABT46GJgIiIAIhE5ACCXl2NDYREAERCJiAFEjAk6OhiYAIiEDIBP4PdkjdmcQLkG4AAAAASUVORK5CYII=','2018-07-05 04:44:41','2018-07-05 04:44:41'),(33,13,'2018-07-05 04:45:00',4,1,1,'data:image/png;base64,iVBORw0KGgoAAAANSUhEUgAAAZAAAADICAYAAADGFbfiAAAgAElEQVR4Xu2dB9gVxRWGx2jEYEHFqBg0KIigIMFEhVijWIgaC2oEhKjYC1hi72AXE2IDG2qwoYihiAUVbBg1qLHFaGyx94po1JjnnWRu5i637d7de3f3fud5eBL/f3f2zDf775k55TsLfffdd98ZiRAQAkJACAiBkAgsJAMSEjFdLgSEgBAQAhYBGRC9CEJACAgBIRAJARmQSLDpJiEgBISAEJAB0TsgBISAEBACkRCQAYkEm24SAkJACAgBGRC9A0JACAgBIRAJARmQSLDpJiEgBISAEJAB0TsgBISAEBACkRCQAYkEm24SAkJACAgBGRC9A0JACAgBIRAJARmQSLDpJiEgBISAEJAB0TsgBISAEBACkRCQAYkEm24SAkIgjwjceeedZrfddjPrrruumTp1qmnTpk0epxnbnGRAYoNSAwkBIZB1BBZaaKHCFIYNG2Yuv/zyrE8pUf1lQBKFV4MLASGQJQR8A4Le6nZRefVkQLL0dktXISAEEkVABiQcvDIg4fDS1UJACNSAwJNPPmnuvfdes/vuu5tlllmmhjvScYkMSLh1kAEJh5euFgJCoAICX3zxhTn++OPNmDFj7FUXXXSROfDAAzODmQxIuKWSAQmHl64WAkKgDALjxo0zBxxwQNFvZ82aZTbddNPMYOYbkEUWWcR8/fXXmdG9GYrKgDQDdT1TCOQIgaefftr07NmzaEYjRowwZ599dubSYHUCCfdiyoCEw0tXCwEh8D8E5s+fb3bZZRdz6623FjAZMmSIueqqq8z3vve9TOIkAxJu2WRAwuGlq4VAyyPw2WefmVGjRplzzz23gAVuqkmTJpn27dtnGh8Mn5+6qzTeysspA5Lp113KC4HGIjBlyhQzcOBAw+kDOeyww8w555xjiBdkXT755BOz9NJLF01DBkQGJOvvtfQXAk1HYOLEiWb48OHmBz/4gXn11VfNiSeeaA466CCzwgorNF23uBT429/+ZtZcc82i4cgqY86S0gjoBKI3QwgIgbII4JYizuFk9OjR5ogjjsglYtOmTTO/+tWviuY2YcIEW8sikQHROyAEhECNCLAb7927t/nqq6/sHXxETz31VLPaaqvVOEL2Ljv55JPNyJEjixTv37+/mTFjRvYm0yCNdQJpENB6jBDIAgLEAbp27Wreffddq+4ee+xhTjrpJLPqqqtmQf26dISFF1ddUBQHKQ+rDEhdr5xuFgL5QADDseeee5pbbrmlcOI477zzzPLLL5+PCdYwi+WWW8588MEHC1w5Z84c07dv3xpGaL1LZEBab801YyFQQODbb7+1wfGLL77Y/mzLLbc01157reFj2moSrAFx819rrbUMxZKSBRGQAdFbIQRaFIHbb7/d4ONHevToYWbPnp35Oo56lrKcAWFMubFKIysDUs8bp3uFQAYRwHBAePjYY4+ZDTbYwNx4441mpZVWyuBM4lW5kgHhBMJJRFKMgAyI3ggh0CII/OMf/7Bpqi+88ILZa6+9zLHHHms6derUIrOvPk1nQEgY6NWrl/nTn/5UdJNOIXJhVX+LdIUQyBkCcFXddtttllqdfwMGDMhVAWBcy+UMyFZbbWWuv/56s+yyy8qAVAFXJ5C43j6NIwRShgCuqbFjx5q2bduaTTbZxBqOzp07p0zL9KjToUMH884775gzzzzTHH300Sbo0qJGhAp8yf8RkAHR2yAEcobAiy++aMkOp06davbff3/rrurSpUvOZhn/dJzBICONviYPP/yw6dOnj04hFaCWAYn/PdSIQqApCLz88svmhBNOMJMnT7ZB8sMPP9yePiS1IeAMCJQm2267rb0peAq57777zEYbbVTbgC1wlQxICyyypphvBNgpDxo0yLz00kvmt7/9rT19LLbYYvmedAKzc8bi2WefNd27d7dP0CmkMtAyIAm8iBpSCDQCgb/85S+GgO+HH35oDj74YHPKKafUXMfx3nvvmXXWWce8/vrrplu3bgbuq1YXZ0Bee+0107FjxwIcwVNI8PetjJsMSCuvvuaeSQQg99tmm22s7pAcwpAbllZ97733NldccUVh/sccc4wNHreyOEPx+eefm8UXX7wABf+95JJLFv4b7KdPn97KUP3fuH6n5Ga9CEIgEwgQ2yCTCsFNBa161F4VP/vZz8zcuXOL5t3Kn4J//etfhf7tpXAg++q0004r4KVTyH+h0AkkE58OKdmqCPAxmzlzpoEp9qOPPjLnn3++zaz6/ve/XxckjAnvlS+tbECef/55s8Yaa1gOMNx7pcR3ZdGF8cgjj6xrDfJwswxIHlZRc8glAqThEhQnOH755ZeboUOHGnp2xyHvv/+++eEPfygD8j8EMMwjRoywePu93n2ASI8mbvTpp5/aH//73/9eIEsrjrXJ0hgyIFlaLemaewS+/PJL88gjj9jGRm+++aalGxkyZEjs8/7ss8/MUkstVTTuvHnzWjbtl74nV199tXnggQcsP1g5Oe644wqxItxawQZUsS9UygeUAUn5Akm91kGAlNF9993XELQdN26c2WKLLRKb/Ndff20WXXTRovGvueYaM3jw4MSemdaB6bpIkJzMK057lWT+/PlFRpZ7gzimdZ5J6CUDkgSqGlMIhECAugN6b5OWS3zDBcpDDBH6UoLGBOBxwziBaHHKlCmhx8r6DY7WHkr7p556qup0fv3rX1sGYwRqGEgqW1VkQFp15TXvpiNAJg+psxT9kRq6+eabN0ynYGoqD15xxRXNW2+91TAd0vKgHXfc0TLvXnLJJfYEWE1o9+unTT/++OPmJz/5SbXbcvl7GZBcLqsmlWYEiD/cfffd5rrrrrMnjp49ey4Q0E5af2ItwRTghRde2HzxxRct5ZIh88wlJnCSqJVsctdddzU33XRTYZlaNYNNBiTpv1SNLwT+h8Abb7xhjQZ+8/bt21vCvmaJX/fg60C217Bhw5qlVsOfC9W9470KYwSCMSRSekntbTWRAWm1Fdd8m4IAhuOGG24w++23n1l77bXNyiuv3BQ93ENLnUD4HQWGjz76aFN1a+TD11tvPTvfSvUf5fTBYED77oT0Xr9ivZHzaNazZECahbyem3sECFATGIcmZLPNNrMMuZXapjYSkA8++MB+NEtJmJ14I3VO4lluPcaMGWPrQMJKcD1bCTuwkgEJ+8boeiFQBQHcG7Nnz7YnDrra8WHyyfnSACD90H/605+WVIUMo1122SUNaiaqAxlXnAYRqs/LGdRKSgTradgk+JQniU4gBYPLgKRgEaRCPhD49ttvLe0IcYTVVlvNxhKgx0ijTJo0qWAkKCh01dVO11bYSRP7IAaC1DNfP47CWLAjL7PMMmlc9th1kgGJHVIN2IoIUD1+8sknW44q/OKVqpnTgM8FF1xghg8fblWhA9+BBx5YpFY9H9Q0zK8WHZz76Ze//GXBkNRyX6lrdthhh0INDcWYFGW2gsiAtMIqa46JIfD222/b2Marr75qeZS23nrrxJ4V58AHHXSQNRxUURMPCQZ/r7zySgO9R17Fd1+FSd8thwenTxIjXB1Nq3QulAHJ61+I5pUoApARnnrqqWbOnDm2mdOee+6Z6PPiHtwP/hLs32677RbYhef5FNK3b1/z5z//uW73lb8u1Pb069ev8KNvvvnGUFuTZ5EByfPqam6xI0ChHXQf7M4Jjh922GGmQ4cOsT8n6QF9A4KhwIgEP3Z5NiBu/ptssolNeIhLBg4caJMnkNVXX91AE59nkQHJ8+pqbrEicOmll1qqb6qV//jHP5rll18+1vEbOZj7gGI02CkjpBrPmjWroMYzzzxj1lxzzUaq1ZBnTZw40fZXQeJuDBUs0LzwwgsN7sK8igxIXle2xnlBGQ7rK4R+Xbt2tb2x4+o5UaMKqb+MWo7+/fubLl26mN///vemT58+qde5koL46VdaaSV7iU+g+Mknn5ill166cOtOO+1kbr755kzPtZTywdNX3BPkHTn88MMLw8JA4PCO+1nNHk8GpNkr0OTnBwuhfvOb35irrrqqyVol+3iI7/7617/ah/zzn/8sWxWO+4H4Bqm51E307t07WcUaNPpRRx1VaJrE3Hy/PTtzduhIHqvS6epIbQ4ClQyJBElI8O8qr82nZECSeHsyMuYdd9xRMmsIP3/UXttpn/orr7xiVl111YKa7Lj5qPjy8ccfGz6y0I+Q7pq1AHm1NaDugwI4JNjPgp936tTJ1jIgL7zwgj155UVIsXacVbDqBrsyxjXPYMfH3J7mvstzpCyutyGn45Sj1Rg9erQ54ogjcjlrqLdpS+qL+xPAf33eeecZus6dddZZthAwSnVy2oGr5sLxT2iDBg0y1157bdqnVLN+bu78r98LpeYBQlzISd7ffFArtO6664YYIf2X6gSS/jVKREN2mDDClpO87iuCqZbMn7nyx06QvF27dtat4Z9SElmAJg1KvcIiiyxinw6VCfGdoDz55JOmV69ehR/nJR2Vnh/0/kCI9XXr1i3xVWCzwqYFIfmC+pA8xUNkQBJ/hdL5AL+rGhpSBzBt2rSCshSXOV9xOmcQTStoRvbZZ5/CzT/60Y/MWmutZXejuDbyEucoh87cuXNtbAOZMWOGTQ4oJf4phZgI/S+yLmwKcGH6mWdJzwnjCzuBExqHTZ8+PenHNmx8GZCGQZ2uBwXdV/PmzTOLL754QUl24c3sV5EUWrgU/CQBTmG0NHUf1aSem5ZxTzrpJDNq1CirTiX6cTYU/ocu6yfS5557znTv3t3OG5ccrrlGyeuvv16UqDF27FjbSCwPIgOSh1UMOQffjeFu5QNBURVHbCQOfqCQajXkcugm+IN2QtbR9ddf35Bnp+EhQ4YMsTxNnLx8HIK6Qe9BIZwTEgtw72VViGeNHz/euu9gS260BFN7yQJ0TMCN1iXO58mAxIlmRsZ66aWXilp3brXVVnYXPnXqVLP99tsXZpH1Xae/HLgS8IFDdEew3AkkghdddFFGVq5+Nck6IkOolnn7p1Rcnq7Cun4tGjsCxs+x4zarsC/oygIBTv1t27ZtLBgxP00GJGZAszAczXOg4HDifNykdC622GK5MiDENtjtwZTLqYo0Tp+6HNr1F198MQvLVreOfpX0GWecYY499tiKY9ITBNp3J1ndUPi7/2Z2DeQ9C6ZEZxVT907IgNT9Z5m9AXy+HrSHSXaVVVaxE6mW4pml2ULL8cADD9igKam5pfieiPt8/vnnWZpWZF1p3UoLV6SWlFJ/5849YJl2mvogOLhrcb2x28d9BwVNM4XnU6zr5OqrrzZDhw5tpkp1PVsGpC74snkzxgIOICe4NFxKbx4MCBTrZ599ttl8881tVhX+foTCsRVWWKFo0VrJgPgJBMECwnJvsv8+ZBEr4j0YDiQtbAIbb7yxuf/++wuQE4ty72jWvigyIFlbsRj0xe86f/78wkhUYjsOJPfB6Nmzp6EeIEtCiiZxnAcffLBAx+HrD303NN6+NCuo2gxco2wOqJfwCRWzxlIQZc5Jr03wZEearx+XS/r5cY4vAxInmhkZi/oOn74Dcr0VV1zRau9+55PspX1a6E9qLmSQ1HSUKxALxn6YVxZ31VHXI+rH9Mc//rHlDENIPyUNNQsyefJkM2DAAKvqIYccYs4///zUqM3mjKp0ZzjKFXWmRuEyisiApH2FEtCPjBR2QU78jmzuI5OFDyunKOoaMIbQrFfrQ43/nziAL3H3g0hguWIb0q0t7krclrXK008/bTiROsnKKcQ3mJxOMYRpEtysxxxzTJFKxOP8eqw06VtKFxmQtK9QAvoFq9AfeuihAkV51F1qAmqWHfLvf/+7Deji06aFLEVvtQjtW4M1ACNHjjQnnnhiLbdn+hpIEiFRRPbee29z2WWXhZqPT8lBVtOhhx4a6v5GX0wvkx49ehQem9ZsJ5I7zjzzzCJ40hKrqWXNZEBqQSln13CcJx/eCb282cEjaTYgBMdvvfVW895779kdMbQQYaQUeSTV1mHHCfPMtFyL+4YOikgUHii403APsgaIn3iRljn6evhrnXaD54o7ff3TavCCay0Dksa3P2Gd2HGfdtpphaf4fR/SaEBoyDNu3DhbOU2h40YbbVSRCLIcfKUMCER3sM/mXVwBIfOM+nGikpuKboQaEmpJ0ijwuPksyl9++aVp06ZNKlQFe5q30bSNkz8nQdebXQYkFUskJaoh4LOSumvdRyVtBoSOeHR3w+ixU4v6IcBvX8q3/PDDDxdqI6rhluXfu3WFysUFxMPOB/cfbkAnnEqqxZ3CPiOO6/13uBG07eV0JjZHRiAJHvfee689tYFfLRlXUY18HPiFGUMnkDBo5eTaYLMbf1eaFgOC4WCHu+2229pAY70Nrtj14RMPflBuuukms/POO+dkZUtPw48H1Fu4Rr8UXJ4IPeHfeeedVGEXbFOQNOcUGxMo8TEQGApoguqV008/3Ra+ZkFkQLKwSgnoGHTnEGRld+R2+ARc6ZHdaCEmceqpp1o3Ff+75JJLxqKC38bVHxAK9yOPPDKWZ6R1ED74fPiRent7BKv577zzTrPFFlukZurB9zqunTxuMdyduPGSJN/EtXz88cenBs9qisiAVEMop78P/qHR+xu+KNfik/4Prjd20hDgo6ZPB4FeCv3YgXXs2DHWx3L6YCceFPiebrzxxliflbbB3FqTOUVAuV6BDp70aSdxfaTr1QtjBjGoE1y1PjloreOTHg7lCP1xSNqIS9CF0y58XCQkkLLLs9gk8X5msRpdBiSutyNj42y66ab22O0LzYYoaELYsRJ7SFr4o6d97hJLLGEo9Ft//fUTeaT7iEJt4jrEpe0DmMTE+QCS5sxHPs54j78BoVK9lHFOYj6Vxqzn9PHyyy/beIWjPalXd6jwMbKczoL0OfWOnab7ZUDStBoN1IU/GJhofeHEQY0Ics8995hf/OIXiWiEu+y2226zz6InwnXXXWd3ZEmJ7xeHxpxmWb6kZQedxPxxRYI3LLAvvPBCbI8IUpxA9e7endgeEmIgaluuuOKKwh3V0ozR/80337QnjHpOZXvssYft1sjGJ48dPKstgQxINYRy/PtSaa1uuknRXt911112Vwb/D6m5MJPClpukUPNC7Qsyc+ZMW3wIS2veTyBUX7ve7vjV/dTtOPCmNTCuRydz5sxZgGssjudUG+Opp54qas6EK9StN+vMyRoGAlxSd9xxR7Xh7O85oUM1gkuMyn02OH5r2poGaYGLZEBaYJHLTZEPeKm2tXzQCaDHRanADh9XFbTVMOKy66M3R6PE53LCMPJRIAc/7wbE7zBJthRZU3ELH1dOeE58Wpy4n1VqvGBqcYcOHWxl95VXXrmAi9a/f4011rAbCQpSMRTwp/kpyo3QPQ/PkAHJwyrWMYdyp5A43Dpk/Nxyyy2W9gJ3ARlP++23X4FSow61Q93qz5EsIlxYJA3k2YCwfhSrIXwYoW9PQthoOCZnxieGhiu0c+fOSTyuaEyC0BTBQm1TTQhQcwrbcMMNi3i9qt2n31dGQAakxd8Q383hQ1GvAXGuKsY866yzbEC+WS6AYG0LWV9+XQnMqD5ZYB5eCZ9jiYyiuILD5U4BGBFqIpz4TcriwhODgfFnPpWC9qw3GU+4SjfbbLOy7Mxx6dXK48iAtPLq/2/uwQAkP45qQGbMmFHglho0aJC59tprm4owjbNct0V/Xr5RgSOKDLA8iT+/ems/asEFo9ynTx/bPtgJpxNH4FjLGMFriF9MmDDB0AirmtA8DMOy0korVbtUv48RARmQGMHM8lD1pEAybwKU9BBBdt99d/uHnwYhS4bqa8RPN6XC3eX4k4fv90lPg9716EBW2+DBg+0QUNiTvtsIKUUXE4aHCs4zqroJ9vO/5SRIB4JblHiepPEIyIA0HvNUPpHspC233LKgW60nECrHHZ06aZx/+MMfUpX37htGn8Yj6Lqrdb6pXLyAUv6cG91fIhgTQTUYBfzCQ19dkhnoizFlypSy0P785z+39CkkXlAJTiq2E+ZKfKdZ7tEsvA9J6igDkiS6GRobN4f/RwgX1U477VR2BnBLETB1rguC5a6rYZqm7X9Mg33Ae/XqVWjbCyNqUkWMjcQDbi/qEpBmEQk+99xzpnv37gtMm4w//j3xxBM2LsY7VEo22GADM3r06EKPGtYNnim6IQaFrD7HntBInPWs/yIgA6I3wSKA79qnNS/XK5ycez4CVO3269fPxjiSSA+NY1nwoTMPJ8FThp/GTLD17rvvjuOxTR3DN5h8qDGSzZBSJ5FyekAnM3z4cJsh5YSsPU4mldrQ1htjaQYueXumDEjeVjTifEp1RvOpL6AAJx2XkwYZS/AMBSvZIz46sdswCBg5ZLHFFrO8Q74Q92jXrl1ZA5OYYgkNTI8OdvZIPbTt9agHprAckEzBJiNOLimnFycs6jzatm1bj6q6NwYEZEBiADEPQ7BT96uzmRO72bfeessGZPkY77jjjjaNMo2uqlJr4Hd6K9eVzt+xc5oicyyLMm/ePMsn5oReFH59RpJzgjYEQ0Gb4VmzZpkXX3zR1p5QqEe/EAL5Xbt2Nddcc00hoSGKPnSOJI5F8aIkHQjIgKRjHZquRSVaE2ID0IFQtJUl8efECYpdeVB8qnNiQLU0+0kjBsSj6KWNXHTRRUWB5rj1JUOKvhckUOBGokgPbjPcgAMHDrRus3JxCU4o8GZRLU4iQzmhUnzjjTe2VDfERCTpREAGJJ3r0lCtfLLBAQMGWCJFdrAIHwdayWZRammOBdGgX6vQiJqJuLF85JFHihIA4swoY+1Jr4XBmEQDGJyptcBAcOIh5ZYYWFR3EhQruLpgCGBcxurUqVNR7CpuvDRefAjIgMSHZWZH8usGmATBTNwRTtiVZy1N0ifYg1CwUqc439BkraYAtyNxHFxYCLQeuIuiCgaUMVh/PuyTJk2ylCicKjgVQDJI2nYaW9lGnbPui46ADEh07HJxJy4IXAXQeSBPP/20ZR71P6pkXQUp0NM+eepRCPoj1RoL4VLB9eIkS6eQE044wTbgQnAL0f43jOBS4gRDDIN/jvKdHha4jujVgutSRINhUG2da2VAWmeti2bKh4OaARpHkbeP28OvIMeQ+PxQwRqKtMOGK27y5MlWzXLxD38OvsGENdhVr6d5nsFU2VrWCON4//3327asBLVdZhonCrKb+vfvb9O5YTCWCIFqCMiAVEMoZ78nY4YdOWmQ+Jqhsj7ssMPsLCFAhFPIif9RHTZsWFHvh7TD4nTHvfPxxx9XVZfdN/QmTqiLodlVmoWTI8YAKUeRT3yLYDenDLiiiPk4Ibtut912swV7yy23XJqnKt1SioAMSEoXJgm16Mlxxhln2KFPPPFEaywqBZqJG/i03I1MDa1n/u+9916huBEj4BP8VRqXXhJvv/22vaRNmza2yj6tAlMA/bUR+L7YECDwUUGnzmaA2JYvpMHSZZLCPZ9gMq1zlF7pR0AGJP1rVLeGuCouu+wym+XifNoM6rtAyhEKQkBI+0+EDxC72bQLFcwuFuB3p6umNxlBfo0LRXlHH310tdsa/vsPPvig6MSAMTn33HNtlpQvpC2fcsopBneeXzDZcIX1wNwiIAOS06WlUxtxDOo36M3Ax5BaAf/EwW509uzZFgH6Se+1114LoOEXqFFsyKmkVD1FmmCkk6LrTRE2IE71PS4dJ9RW9O7dOzXTC3KW+Yph7DldQDaYVnqZ1AApRWJBQAYkFhjTNQi9qadOnWrbtvIxgSW3lPjGpFKqLn2vSW8lVx+3F+6RNEst9R+V9Kc3iIsLcV2z05jpaXLBBRfYU0ZQ+Dmta/PWECvN75d0+z8CMiA5eRvIouJDA90IJwv6ftORrZwEP5LVis/69u1bcJFgnByFe9rg82tacN+cfPLJoVUkmwnuLCdwftHru1K1fuiHVLiBGhb6qVDdzSnSCXELMsqcVKJJj1MfjSUEyiEgA5KDd4MqYeo4qAmg8IvAsd+ytdrpA2oK3FuVBE4sv9sbBWyu53aaIKxE3x5GT7LVfDoOXEM33nhjmCFqvhbDz2mRWIb/DBp0wedFai1uuXqbftWskC4UAjUiIANSI1BpvIzdKO0+MRj47cu5qoK6QxpIzYeTaqcPd50fM8GdAo9UmgTKjY4dO1qVKAwMZiGF1RXmYb8nCn3dqZuJQ1g7XI2jRo0q9MUg1sLzyK7q1q1b0WMOPvhgy3HlJI993OPAVWM0FgEZkMbiHcvToMsmKH7ppZfafhzsUMNQS/g72TD1Dnz0/AIzsoGWXXbZWOYUxyDHH398IU2ZVN44ahuokyAt1glsvWS1hXVncYKD0fi+++4rxJAwGNRyEFciAF7uREcMap999inoQKEfp06JEGg2AjIgzV6BEM+Ho4iPCcVjtPn83e9+F+Lu/15KnwbScRHqHmjcE0bgQoJQDynXdCrMeHFdS4Hc6quvbjAcnIxI5Y1LqAkJsvRWq27nVAdFClX+sM6iF/TquAqp+K41k404CK1cfQmbWRYXDhpHCAQRkAHJwDsxd+5ce+LA5UGq7UEHHRS5J4e/c4ZpFbbdMBLs8gcdiitoCzNO3NcSL5g2bZodtpaYTtjnY7CJU/jiU7/wc1xonE6ofMcw89/wccEpFeaE6J5B5hunTF8wSJAaSoRAGhCQAUnDKpTR4ZlnnjGXXHKJmTJliqUcoeNctWB3pemMHTu20CeCLK3bb7890uz9Qj0GoOaiWtA+0oNqvCnICVVrTKfG4QuXlToN8EuYagmykzHFqY7mVUhUPbiPjKsgjX5cbrmw89b1QqAcAjIgKXw3qIjed999bS0HOf64qtZZZ526NA1+ZOuNX6QpI4imQ/A8ISQS4DqKW6A1gVeKUyA9MErRo0D7QvDbtXElVgXfWBjBNQYb8ueff150G13+0t5COMw8dW0+EJABSdE64iunPgMqcoLV48ePt13e4i+2NqMAABBBSURBVBCypo466ig7FCcI9/+jjh2k/aDegrqLZohvzDi1EZCOQ3BB0ReDSn4+4Jy0oDnHdcXHHEwxJqUESpQRI0bYDQB06NX6qUAX06NHD1us6QtGid9Vuz+O+WoMIRAWARmQsIglcD2Fa5Acjhw50iy88ML25BEMnNbzWFwiLsOHQDMfJJ5TrwTTgZ999lnTvXv3eocNdf8dd9xhe287ieo24n5oWzAU0JcQd6IugywsMq/4kJeKY3DKwEhQy1FNqOVwjZ+qXcvvMVBUxMexVrU8T9cIgbAIyICERSzG63EjcRpwFBXwVtG8Ke4CPd/FU625UtjpQaUxfPjwwm2kq/qEhGHHC3u9f/oIm95KTAFXFKm1jz76qI1Z0M2PHvDENTgR1Cq4nvr161doyFTrfaWu4/TJycfVtNQzlu4VAkkiIAOSJLplxuZDxUcXg4Hsv//+hgB3EuKTITJ+PTv0cvoRkIcqHqEmhWyoRuya/V7uPHvWrFm25Wo54aSHoSAYjr64u3AvETfhFNGlS5ciCpOo68EJj00Bz3JUJFTx0zccSpRyQm92YizEQCRCIAsIyIA0eJWIa9CcCaGPA0YE10ZSssMOO9gsLmTmzJl2lxy3UCMBN5YzIltuuaXBtZS0kFjgF9SVMo6cDHBF0Z2Q0wYfadJqSfuFK6zZrLXEvThxhC1MTBpbjS8EakFABqQWlGK4hn4cZFYhVB6TNeRzS8XwiAWGICbh72aTOH24h1L74McIoPyA+iNJKZUJRiyC5kqcRjhh0MsbVxQ1FRBCNtK9luTcNbYQSAMCMiAJr4LfKpUPGZXgtVYh16ua/4Glz8V6661X75AV7ydbyU9bJZ5z8cUXJ/JMGmP5lfjUYXACIl15iSWWsMSSBL8bhXUik9SgQiDlCMiAJLRAZPLwwaZym50vLKuNDIqOGzfOBuQR/PuucVRC0y0My0ecmIgTgtLEBOJKDCDNlWcQa/EFUkkKLckykwgBIdAYBGRAYsaZNFBoL959913r28ZwJL3zD04BplayiJwQSCeA2yiBdoWPuS9RaFPc/c8//7wNfNOytVSRIKcNWG0lQkAINBYBGZCY8CZ9leCxy7ohA4cMn0bLRx99VMSQW2/FeVT9cR9df/31RbeTQMBJoZrAI0WGFXEjYkXEV3D/wUhL/CiYXptkbKearvq9EGhlBGRA6lx90jLpPQGBH26aBx98sKindp3Dh7p9/vz5lisLlxESd81HKGWMsczBPg0591OTcvrppy9A4kg2Fac1ihMJhMOtddJJJ5nBgwcXxTGCgXNiTHEWXYado64XAq2MgAxIxNXHRUUQ19GG07wIQ9JMIWANUy+Slnann376qW14RYDdFyhBcDs98sgj1nDQ05u0XOo4+BfsM0LsA7ec3+KVtrMYTYkQEALNQUAGJCTuuFauuOKKApfU1VdfbXfJjSicq6Tq9OnTbS0GpyD0ceSCIaeX2OUEvnFr4VILCn1FaAa1/fbbm1VXXdX2zQgKJxlONL7QA4SMK4kQEALNQUAGpEbcIQ+k18MxxxxjCe8gPMSfn2QRYI2qWdpvl65KsDwM31Ktz4hyHXEhstH4h6uJuhdYZilorCYkHhCMp2MfhIVBokZ6c9DGVyIEhEDzEJABqQF7yA0xHOyecQ3hqmrXrl0NdyZ/SbD24v333zft27dP/sElnvD1118bDC0V38Q5qAnBAMCOi3vKnRaoDicQzgkiitxzzz2G/uwSISAEmouADEgF/EnJpd4AtxCsqEOHDm1q46SgqsEeHxAbHnzwwQ19ozhlkEBA1hmUJsQlSF+uJdsKReHNIjWXynGE8coJri5OgXBXSYSAEGg+AjIgJdaAjyFd5eg9jm8+TScOp65P0c7PGhk0xx1FzIfTBq6k3r172x4ZcbjzMIqk/0JvH6RIb0Q1ffP/JKWBEMgOAjIg3lrR22H06NEGFwtuF5dhlcbl3HXXXQ39yJE2bdoYOuYlJW+//bYhSI9LimwzyAhxTRFvCdtTPayOFBFSXS6ywbDI6XohkDwCMiDGmCeeeMKcf/75ti8ErqqNNtrIpp6mVWhyNHHixIJ6ZIaVanYUVX8MBoFv3EnffPONrQA/7rjjLHNtWmI/Ueem+4SAEIgPgZY2ILhKSMnlQwlfFZXPad/pXnXVVUXxBdxsG264YV1vBAaD0xdJAmBBUR9BbwyV0mTrglY3C4FcI9ByBoQUXAK39OTgg4nhIGMoC1k9wRay9VCmk/pLthQZTaT9cuqizzeptgTBJUJACAiBagi0jAHhI0mfiEMOOaSACVlLFKgRQ0i7UBgIDYiTbbbZxsYlahVcUcQTyJiimpuUW+I8BMCbwdlVq966TggIgfQikHsDApXGyJEjDbt1J3QCxHhkxT1DbAZKdidbb721ZaetJvB03X333ba/9htvvGENBgFw+LKgWZcIASEgBOpBILcGBI4lduzPPfdcAR/4lohzrL/++vVg1tB7aUDFacM3fpykSglMvAS8Xc9vDAa9OXDPyWA0dNn0MCHQEgjkzoBgMKhyppGTL3xYs2Q40P2SSy4x+++/f2EaZEIRr/GFADg9z0kIIK6BsaAPum90WuJN1iSFgBBoOAK5MSB8RPlwBoVCQLiUsiYTJkywle9O4IU6+uijLZcUTMBQtXMS+eKLL2yPjOHDhy/QJyNrc5a+QkAIZAuBTBsQqDMuvPBCQ3/soOCuIsNoueWWy9aKlOijcfPNNxtoPKCPJwjeoUMHGxM58sgjzRprrJG5+UlhISAE8oFAJg0INB40Gyp3sqClKwYka4I7CpcVpykna621lnnmmWds06S99trLDBgwIGvTkr5CQAjkFIFMGRAMB64aTh2lJItxDjcP+Lf83ukQOGIk6a+Oi4r/lggBISAE0oRAJgwIAfGjjjrKunBKCQbFdeJLE7jVdOGkBJ8VjZI4ffhCCm7nzp2rDaHfCwEhIASahkCqDQjFbgcccIClGyklQ4YMMXQETDv9iNMdI0EM46677jK33367jV/QayQo48ePr5kOvWlvjh4sBIRAyyOQWgMCueGIESNKLhCEfhTGxUEfnvQbgNGg8hvOKirBMRoUAhLch2U2KATGzznnnKTV0vhCQAgIgboRSJ0BofNfJRp1mjzB2ZRmIcV27ty51nBg7DAa1KAQz6DhEpTxGIqgQClCLEQiBISAEMgCAqkxIPS8pilSOeGDDENs2oSajI8//tgQs6CIEffUFltsYdNsg/rSZ6QSUSF8VTRqkggBISAEsoBAUw0IwfFzzz3XHHvssWWxojPgoYcemiosoQx56qmnbLrt0ksvbVZeeWXLYrvKKquYbt26ldR1zJgxttdIOaGKPOnmTKkCUcoIASGQeQSaZkCooqauoZzQ0pTMqzTsyOfPn28bK0HKuOiii9qKb1xRGI5qTLbEQCj8qyRUl2chnpP5t10TEAJCIFYEGm5AaIk6ePDgspPgNDJq1KimGg76cn/11Ve2gO/MM8+0xX1UvXfp0qWqwfAnNmjQIMtRVUkwMCussEKsi6rBhIAQEAKNQKBhBiRISR6cHOR/kydPtjv8Zggfchh8CYDjiurYsaMNgO+yyy6h1KHYka6BlU5XbkD6mGehF0koAHSxEBACLYNA4gaEj3IlFtx1113XzJ4927Rt27ZhoBP4xiWFbvfee6/tib7ssstaJtsDDzwwctU3fTegHPnss88qzoUTzdixYxs2Xz1ICAgBIZAEAokZENJtSV8N0qq7SVALQa+LRhQBvv/++7axEjpNmjTJ6rTUUkuZzTbbzGy33Xah3FKlFgGDQUtYWsRWE9roYqwkQkAICIGsIxC7ASGldddddzUzZ84siQ3uIVJyk2TJfeihh2xjJYzGrbfeajOlNt10U9uJb+DAgbFShECzXimLzIEAZcnOO++c9fdF+gsBISAECgjEZkDY1fNx5kNZSkhRxcXTqVOnWOEnpfbxxx+3sQtoz9988017oqDKu3///vaUEXd6LBQrdDusFiBnorTPLddBMFYgNJgQEAJCoMEI1G1AyFiiCJA6h1LSt29fM3HiRJvyGocQaH/22WctNcirr75q01+hPO/Vq5dZe+21bQFfEoF4jAY8VtSkEDupJEsuuaRtncuJIw1pyHHgrjGEgBAQAkEE6jIgcDbRJa+U8FGfM2eOjTVEEbKZqNymYG/evHk20I3xwEh0797dVnkTnK9WYxHl2e4eivtI47344otrHkZEiDVDpQuFgBDIOAKRDAhZU6SpvvzyyyWn/8orr1Sk7Ch102uvvWbY5bO7xxVFeitxFLKiMBZLLLGEzZJKWoifwFP14IMP1vyo7bff3mZVJWnMalZGFwoBISAEGoRAKAMC9fiee+5pPvzwwwXUW3755S21OtlVlYSTBacJAtzELhiTSmwn8EhRgLfhhhvawr1GCIYKEsfHHnus5sdNnz7dULsiEQJCQAi0KgI1GRBSXysV1FFLsfHGGy+AIQFuPsrEDmg/S1ovGVi+EODm402GFC6pRnfewxCQyltJaFZF75FK9Syt+gJp3kJACLQuAhUNCHUa5XbZuGuIDwwdOtTWcuB+4gTCPbNmzbIMtUEhM4oue/369bMGh2ypRtSBVFpessZIO/Zlp512MhdccIElSJQIASEgBIRAaQRKGpBqu3KC4wSzb7jhBpuV5Luggo/BUJCNtMEGG1iXVNSgelILCFEi6bikIeM6E6lhUkhrXCEgBPKGQJEBoaK60geeYjwC6NWEk8nee++daLFgNR30eyEgBISAEEgWgYIBgW02CrEf2VFkLXHKWHPNNZPVVqMLASEgBIRAahAoGBDcOLhwyskyyyxj6UD69Olji/Z69uypGEFqllGKCAEhIAQaj0DBgJBa27t37yINtt12W0tPQgMlYh4SISAEhIAQEAIOgaIYCBQh06ZNM8OGDVP8Qu+IEBACQkAIVESgpjoQYSgEhIAQEAJCIIiADIjeCSEgBISAEIiEgAxIJNh0kxAQAkJACMiA6B0QAkJACAiBSAjIgESCTTcJASEgBISADIjeASEgBISAEIiEgAxIJNh0kxAQAkJACMiA6B0QAkJACAiBSAjIgESCTTcJASEgBISADIjeASEgBISAEIiEgAxIJNh0kxAQAkJACMiA6B0QAkJACAiBSAjIgESCTTcJASEgBISADIjeASEgBISAEIiEgAxIJNh0kxAQAkJACMiA6B0QAkJACAiBSAjIgESCTTcJASEgBISADIjeASEgBISAEIiEgAxIJNh0kxAQAkJACMiA6B0QAkJACAiBSAjIgESCTTcJASEgBISADIjeASEgBISAEIiEgAxIJNh0kxAQAkJACMiA6B0QAkJACAiBSAjIgESCTTcJASEgBISADIjeASEgBISAEIiEgAxIJNh0kxAQAkJACMiA6B0QAkJACAiBSAjIgESCTTcJASEgBISADIjeASEgBISAEIiEgAxIJNh0kxAQAkJACMiA6B0QAkJACAiBSAjIgESCTTcJASEgBISADIjeASEgBISAEIiEgAxIJNh0kxAQAkJACPwH0uUd8x5MWmMAAAAASUVORK5CYII=','2018-07-05 04:45:00','2018-07-05 04:45:00');
/*!40000 ALTER TABLE `remitos` ENABLE KEYS */;
UNLOCK TABLES;

--
-- Dumping data for table `remitos-x-factura`
--

LOCK TABLES `remitos-x-factura` WRITE;
/*!40000 ALTER TABLE `remitos-x-factura` DISABLE KEYS */;
/*!40000 ALTER TABLE `remitos-x-factura` ENABLE KEYS */;
UNLOCK TABLES;

--
-- Dumping data for table `roles`
--

LOCK TABLES `roles` WRITE;
/*!40000 ALTER TABLE `roles` DISABLE KEYS */;
INSERT INTO `roles` (`idRoles`, `nombre`, `createdAt`, `updatedAt`) VALUES (1,'Administrador','1970-01-01 00:00:00','1970-01-01 00:00:00'),(2,'Encargado de Reparto','1970-01-01 00:00:00','1970-01-01 00:00:00'),(3,'Repartidor','1970-01-01 00:00:00','1970-01-01 00:00:00'),(4,'Cliente','1970-01-01 00:00:00','1970-01-01 00:00:00'),(5,'Encargado de Mantenimiento','1970-01-01 00:00:00','1970-01-01 00:00:00'),(6,'Gerente','1970-01-01 00:00:00','1970-01-01 00:00:00'),(7,'Facturista','1970-01-01 00:00:00','1970-01-01 00:00:00');
/*!40000 ALTER TABLE `roles` ENABLE KEYS */;
UNLOCK TABLES;

--
-- Dumping data for table `temporadas`
--

LOCK TABLES `temporadas` WRITE;
/*!40000 ALTER TABLE `temporadas` DISABLE KEYS */;
INSERT INTO `temporadas` (`idTemporadas`, `nombre`, `createdAt`, `updatedAt`) VALUES (1,'Invierno','2018-01-01 00:00:00','2018-01-01 00:00:00'),(2,'Verano','2018-01-01 00:00:00','2018-01-01 00:00:00');
/*!40000 ALTER TABLE `temporadas` ENABLE KEYS */;
UNLOCK TABLES;

--
-- Dumping data for table `tipos-alerta`
--

LOCK TABLES `tipos-alerta` WRITE;
/*!40000 ALTER TABLE `tipos-alerta` DISABLE KEYS */;
INSERT INTO `tipos-alerta` (`idTipoAlerta`, `nombre`, `createdAt`, `updatedAt`) VALUES (1,'Recambio de dispenser','2018-04-22 00:00:00','2018-04-22 00:00:00'),(2,'Pedido de bidones','2018-04-22 00:00:00','2018-04-22 00:00:00'),(3,'Desvinculación de dispenser','2018-04-22 00:00:00','2018-04-22 00:00:00');
/*!40000 ALTER TABLE `tipos-alerta` ENABLE KEYS */;
UNLOCK TABLES;

--
-- Dumping data for table `tipos-cliente`
--

LOCK TABLES `tipos-cliente` WRITE;
/*!40000 ALTER TABLE `tipos-cliente` DISABLE KEYS */;
INSERT INTO `tipos-cliente` (`idTiposCliente`, `nombre`, `createdAt`, `updatedAt`) VALUES (1,'Empresa','1970-01-01 00:00:00','1970-01-01 00:00:00'),(2,'Particular','1970-01-01 00:00:00','1970-01-01 00:00:00');
/*!40000 ALTER TABLE `tipos-cliente` ENABLE KEYS */;
UNLOCK TABLES;

--
-- Dumping data for table `tipos-mantenimiento`
--

LOCK TABLES `tipos-mantenimiento` WRITE;
/*!40000 ALTER TABLE `tipos-mantenimiento` DISABLE KEYS */;
INSERT INTO `tipos-mantenimiento` (`idTiposMantenimiento`, `nombre`, `descripcion`, `createdAt`, `updatedAt`) VALUES (1,'Preventivo','Mantenimiento realizado para prevenir roturas','1970-01-01 00:00:00','1970-01-01 00:00:00'),(2,'Correctivo','Mantenimiento realizado para corregir roturas','1970-01-01 00:00:00','1970-01-01 00:00:00');
/*!40000 ALTER TABLE `tipos-mantenimiento` ENABLE KEYS */;
UNLOCK TABLES;

--
-- Dumping data for table `turnos`
--

LOCK TABLES `turnos` WRITE;
/*!40000 ALTER TABLE `turnos` DISABLE KEYS */;
INSERT INTO `turnos` (`idTurnos`, `nombre`, `createdAt`, `updatedAt`) VALUES (1,'Mañana','1970-01-01 00:00:00','1970-01-01 00:00:00'),(2,'Tarde','1970-01-01 00:00:00','1970-01-01 00:00:00');
/*!40000 ALTER TABLE `turnos` ENABLE KEYS */;
UNLOCK TABLES;

--
-- Dumping data for table `users`
--

LOCK TABLES `users` WRITE;
/*!40000 ALTER TABLE `users` DISABLE KEYS */;
INSERT INTO `users` (`id`, `email`, `password`, `activo`, `idRol`, `idEmpleado`, `createdAt`, `updatedAt`) VALUES (3,'elgerente','$2a$12$1yP4Oxlpw02EKGeZod1P2uZVJxqvb5MbT1iWoaCsbJxCTfSKOIEu2',1,1,3,'1970-01-01 00:00:00','2018-07-04 23:53:33'),(6,'ema@ema.com','$2a$12$1EJ9yCSCUfxs7p.jzOiQk.xioxbwNDoInrp6uxbhWxcVhHN6AR2ye',1,1,1,'2018-05-29 04:21:11','2018-06-02 19:56:08'),(7,'camiv','$2a$12$yizLUDRmOXBejqYANCAGje2ogasC42GJZ5B135Zwr7R.RAQNGHLz2',1,1,2,'2018-06-02 19:56:27','2018-06-02 19:56:27'),(8,'nico','$2a$12$BQKFEfZvKzGW4xbZBITFTOjXrW2jRgf39iY8MmRZrSZHMKi48k9vy',1,1,5,'2018-06-02 19:56:41','2018-06-02 19:56:41'),(9,'gura','$2a$12$1yP4Oxlpw02EKGeZod1P2uZVJxqvb5MbT1iWoaCsbJxCTfSKOIEu2',1,1,4,'2018-06-02 19:57:13','2018-06-02 19:57:13'),(10,'repartidor','$2a$10$AUI6wkl1z3PLnPXsxbY2iuXE/tdqO5xrO0fYVooQn0xG5heJ42th6',1,3,6,'2018-06-02 19:57:13','2018-06-02 19:57:13'),(11,'encargado','$2a$10$AUI6wkl1z3PLnPXsxbY2iuXE/tdqO5xrO0fYVooQn0xG5heJ42th6',1,5,7,'2018-06-02 19:57:13','2018-06-02 19:57:13');
/*!40000 ALTER TABLE `users` ENABLE KEYS */;
UNLOCK TABLES;

--
-- Dumping events for database 'h2softapp'
--
/*!40103 SET TIME_ZONE=@OLD_TIME_ZONE */;

/*!40101 SET SQL_MODE=@OLD_SQL_MODE */;
/*!40014 SET FOREIGN_KEY_CHECKS=@OLD_FOREIGN_KEY_CHECKS */;
/*!40014 SET UNIQUE_CHECKS=@OLD_UNIQUE_CHECKS */;
/*!40101 SET CHARACTER_SET_CLIENT=@OLD_CHARACTER_SET_CLIENT */;
/*!40101 SET CHARACTER_SET_RESULTS=@OLD_CHARACTER_SET_RESULTS */;
/*!40101 SET COLLATION_CONNECTION=@OLD_COLLATION_CONNECTION */;
/*!40111 SET SQL_NOTES=@OLD_SQL_NOTES */;

-- Dump completed on 2018-07-05  1:50:17
